timestamps,qw1,qx1,qy1,qz1,x1,y1,z1,qw2,qx2,qy2,qz2,x2,y2,z2,pressure
1704802230.954578,nan,nan,nan,nan,nan,nan,nan,,,,,,,,
1704802230.954578,,,,,,,,nan,nan,nan,nan,nan,nan,nan,
1704802230.9645507,,,,,,,,,,,,,,,0.0141
1704802231.0109553,nan,nan,nan,nan,nan,nan,nan,,,,,,,,
1704802231.0109553,,,,,,,,nan,nan,nan,nan,nan,nan,nan,
1704802231.0199308,,,,,,,,,,,,,,,0.008103
1704802231.0398808,nan,nan,nan,nan,nan,nan,nan,,,,,,,,
1704802231.0398808,,,,,,,,nan,nan,nan,nan,nan,nan,nan,
1704802231.0488534,,,,,,,,,,,,,,,0.07499
1704802231.056839,0.0839,0.5919,-0.548,0.5850000000000001,28.96,1.83,-128.25,,,,,,,,
1704802231.056839,,,,,,,,nan,nan,nan,nan,nan,nan,nan,
1704802231.070797,,,,,,,,,,,,,,,0.06294
1704802231.0911822,0.0839,0.5917,-0.548,0.5851000000000001,28.96,1.8,-128.25,,,,,,,,
1704802231.0911822,,,,,,,,0.8306,-0.06430000000000001,0.24200000000000002,-0.4973,146.29,-101.62,-162.97,
1704802231.1086886,,,,,,,,,,,,,,,-0.02999
1704802231.1236897,0.0838,0.5917,-0.5481,0.5850000000000001,28.95,1.83,-128.25,,,,,,,,
1704802231.1236897,,,,,,,,0.8310000000000001,-0.0728,0.25220000000000004,-0.4902,146.9,-100.93,-163.76,
1704802231.1425817,,,,,,,,,,,,,,,-0.02199
1704802231.1555665,0.08370000000000001,0.5918,-0.5481,0.5850000000000001,28.96,1.83,-128.26,,,,,,,,
1704802231.1555665,,,,,,,,0.8263,-0.0858,0.2731,-0.4849,148.42000000000002,-100.33,-165.62,
1704802231.1745431,,,,,,,,,,,,,,,-0.0141
1704802231.190492,0.0839,0.5918,-0.548,0.5850000000000001,28.96,1.82,-128.25,,,,,,,,
1704802231.190492,,,,,,,,0.8298000000000001,-0.10830000000000001,0.27490000000000003,-0.4732,148.16,-97.47,-167.32,
1704802231.208658,,,,,,,,,,,,,,,0.0081
1704802231.2226646,0.0838,0.5918,-0.548,0.5850000000000001,28.96,1.82,-128.26,,,,,,,,
1704802231.2226646,,,,,,,,0.8352,-0.1057,0.259,-0.47340000000000004,146.27,-96.88,-166.65,
1704802231.2405748,,,,,,,,,,,,,,,0.019103
1704802231.255537,0.0839,0.5918,-0.548,0.5850000000000001,28.95,1.82,-128.26,,,,,,,,
1704802231.255537,,,,,,,,0.8370000000000001,-0.0984,0.2513,-0.47590000000000005,144.77,-97.08,-166.31,
1704802231.273486,,,,,,,,,,,,,,,0.083102
1704802231.2885,0.0838,0.5918,-0.548,0.5850000000000001,28.96,1.82,-128.25,,,,,,,,
1704802231.2885,,,,,,,,0.8361000000000001,-0.1043,0.24810000000000001,-0.47790000000000005,143.93,-96.22,-166.8,
1704802231.3070238,,,,,,,,,,,,,,,0.1181
1704802231.3229806,0.0838,0.5918,-0.548,0.5850000000000001,28.96,1.82,-128.26,,,,,,,,
1704802231.3229806,,,,,,,,0.8341000000000001,-0.1102,0.2477,-0.4803,143.99,-95.74000000000001,-167.35,
1704802231.3399348,,,,,,,,,,,,,,,0.113101
1704802231.3558936,0.0838,0.5918,-0.548,0.5850000000000001,28.96,1.82,-128.26,,,,,,,,
1704802231.3558936,,,,,,,,0.8338,-0.11120000000000001,0.2459,-0.48140000000000005,143.77,-95.62,-167.66,
1704802231.3738475,,,,,,,,,,,,,,,0.126101
1704802231.3888116,0.0838,0.5918,-0.548,0.5850000000000001,28.96,1.82,-128.26,,,,,,,,
1704802231.3888116,,,,,,,,0.8296,-0.1068,0.23420000000000002,-0.4954,142.91,-96.37,-166.75,
1704802231.406303,,,,,,,,,,,,,,,0.1361
1704802231.4212618,0.0838,0.5918,-0.548,0.5850000000000001,28.96,1.82,-128.26,,,,,,,,
1704802231.4212618,,,,,,,,0.8283,-0.1003,0.23170000000000002,-0.5001,142.44,-97.2,-166.17000000000002,
1704802231.4392138,,,,,,,,,,,,,,,0.127102
1704802231.4542127,0.0838,0.5918,-0.548,0.5850000000000001,28.96,1.82,-128.26,,,,,,,,
1704802231.4542127,,,,,,,,0.8299000000000001,-0.0964,0.2215,-0.5028,141.51,-97.33,-165.52,
1704802231.4731245,,,,,,,,,,,,,,,0.153101
1704802231.4881318,0.0838,0.5918,-0.548,0.5850000000000001,28.96,1.82,-128.25,,,,,,,,
1704802231.4881318,,,,,,,,0.8319000000000001,-0.09730000000000001,0.21280000000000002,-0.503,140.19,-96.75,-165.25,
1704802231.506633,,,,,,,,,,,,,,,0.1581
1704802231.5215945,0.0838,0.5918,-0.548,0.5850000000000001,28.96,1.82,-128.25,,,,,,,,
1704802231.5215945,,,,,,,,0.8302,-0.1014,0.21960000000000002,-0.502,140.74,-96.62,-165.78,
1704802231.5395496,,,,,,,,,,,,,,,0.14597
1704802231.5535104,0.0838,0.5918,-0.548,0.5850000000000001,28.95,1.82,-128.25,,,,,,,,
1704802231.5535104,,,,,,,,0.8299000000000001,-0.10490000000000001,0.22260000000000002,-0.5005000000000001,141.25,-96.32000000000001,-166.15,
1704802231.5714712,,,,,,,,,,,,,,,0.0861
1704802231.5884552,0.0838,0.5918,-0.548,0.5850000000000001,28.95,1.82,-128.25,,,,,,,,
1704802231.5884552,,,,,,,,0.8314,-0.1013,0.2197,-0.5001,140.97,-96.52,-165.5,
1704802231.6069746,,,,,,,,,,,,,,,0.088103
1704802231.6209366,0.0838,0.5918,-0.548,0.5850000000000001,28.95,1.82,-128.26,,,,,,,,
1704802231.6209366,,,,,,,,0.8316,-0.0984,0.221,-0.49970000000000003,141.0,-96.69,-165.4,
1704802231.6388986,,,,,,,,,,,,,,,0.13897
1704802231.6548572,0.0838,0.5918,-0.548,0.5850000000000001,28.95,1.82,-128.25,,,,,,,,
1704802231.6548572,,,,,,,,0.8307,-0.1005,0.2199,-0.5012,141.08,-96.29,-165.29,
1704802231.6728005,,,,,,,,,,,,,,,0.08199
1704802231.6877604,0.0838,0.5918,-0.548,0.5850000000000001,28.95,1.82,-128.26,,,,,,,,
1704802231.6877604,,,,,,,,0.8280000000000001,-0.1003,0.21730000000000002,-0.5069,141.22,-96.2,-164.97,
1704802231.705227,,,,,,,,,,,,,,,0.067103
1704802231.7211835,0.0838,0.5918,-0.548,0.5850000000000001,28.95,1.82,-128.26,,,,,,,,
1704802231.7211835,,,,,,,,0.8247,-0.0858,0.21030000000000001,-0.5179,140.61,-97.14,-163.66,
1704802231.7401314,,,,,,,,,,,,,,,0.121101
1704802231.7540972,0.0838,0.5918,-0.548,0.5850000000000001,28.95,1.82,-128.26,,,,,,,,
1704802231.7540972,,,,,,,,0.8246,-0.0813,0.2003,-0.5226000000000001,139.78,-96.71000000000001,-162.88,
1704802231.7720568,,,,,,,,,,,,,,,0.132103
1704802231.7891476,0.0838,0.5918,-0.548,0.5850000000000001,28.95,1.82,-128.26,,,,,,,,
1704802231.7891476,,,,,,,,0.8199000000000001,-0.07390000000000001,0.1922,-0.5341,139.07,-95.92,-161.88,
1704802231.8066072,,,,,,,,,,,,,,,0.173101
1704802231.8215714,0.0838,0.5918,-0.548,0.5850000000000001,28.95,1.82,-128.26,,,,,,,,
1704802231.8215714,,,,,,,,0.8173,-0.0723,0.1945,-0.5374,139.26,-95.13,-161.75,
1704802231.8395207,,,,,,,,,,,,,,,0.174103
1704802231.8545125,0.0838,0.5918,-0.548,0.5850000000000001,28.95,1.82,-128.26,,,,,,,,
1704802231.8545125,,,,,,,,0.8154,-0.07350000000000001,0.19210000000000002,-0.5409,138.89000000000001,-93.73,-160.86,
1704802231.8734295,,,,,,,,,,,,,,,0.207101
1704802231.88943,0.0838,0.5918,-0.548,0.5850000000000001,28.95,1.82,-128.26,,,,,,,,
1704802231.88943,,,,,,,,0.8133,-0.055600000000000004,0.1786,-0.5508000000000001,137.59,-91.85000000000001,-157.48,
1704802231.9059637,,,,,,,,,,,,,,,0.20197
1704802231.9219277,0.0838,0.5918,-0.548,0.5850000000000001,28.95,1.82,-128.26,,,,,,,,
1704802231.9219277,,,,,,,,0.81,-0.0497,0.1768,-0.5567,137.68,-90.51,-155.93,
1704802231.9398732,,,,,,,,,,,,,,,0.131102
1704802231.9538376,0.0838,0.5918,-0.548,0.5850000000000001,28.95,1.82,-128.26,,,,,,,,
1704802231.9538376,,,,,,,,0.806,-0.0497,0.1781,-0.5621,138.71,-88.71000000000001,-154.6,
1704802231.9727843,,,,,,,,,,,,,,,0.15698
1704802231.9867525,0.0838,0.5918,-0.548,0.5850000000000001,28.95,1.82,-128.26,,,,,,,,
1704802231.9867525,,,,,,,,0.8016000000000001,-0.0509,0.1819,-0.5671,140.18,-86.86,-153.46,
1704802232.0062106,,,,,,,,,,,,,,,0.11197
1704802232.0201757,0.0838,0.5918,-0.548,0.5850000000000001,28.95,1.82,-128.26,,,,,,,,
1704802232.0201757,,,,,,,,0.7943,-0.0376,0.1771,-0.5798,142.19,-83.72,-150.11,
1704802232.0381253,,,,,,,,,,,,,,,0.059101
1704802232.0530882,0.0838,0.5918,-0.548,0.5850000000000001,28.95,1.82,-128.26,,,,,,,,
1704802232.0530882,,,,,,,,0.7905000000000001,-0.029500000000000002,0.1718,-0.5869,142.87,-81.81,-148.58,
1704802232.072035,,,,,,,,,,,,,,,0.08299
1704802232.087044,0.0838,0.5918,-0.548,0.5850000000000001,28.95,1.82,-128.25,,,,,,,,
1704802232.087044,,,,,,,,0.7862,-0.028,0.1698,-0.5934,143.98,-79.06,-147.45000000000002,
1704802232.1046028,,,,,,,,,,,,,,,0.069102
1704802232.1215634,0.0838,0.5918,-0.548,0.5850000000000001,28.95,1.83,-128.26,,,,,,,,
1704802232.1215634,,,,,,,,0.7743,-0.0177,0.1567,-0.6127,146.93,-73.21000000000001,-145.01,
1704802232.1384945,,,,,,,,,,,,,,,0.10698
1704802232.1534986,0.0838,0.5918,-0.548,0.5850000000000001,28.95,1.83,-128.26,,,,,,,,
1704802232.1534986,,,,,,,,0.7673,-0.0129,0.1514,-0.623,148.79,-69.94,-144.33,
1704802232.1714082,,,,,,,,,,,,,,,0.0711
1704802232.186374,0.0838,0.5918,-0.548,0.5850000000000001,28.95,1.83,-128.26,,,,,,,,
1704802232.186374,,,,,,,,0.76,-0.0195,0.1506,-0.6318,151.13,-65.6,-143.79,
1704802232.2038426,,,,,,,,,,,,,,,0.07697
1704802232.2198005,0.0838,0.5918,-0.548,0.5850000000000001,28.95,1.83,-128.25,,,,,,,,
1704802232.2198005,,,,,,,,0.7494000000000001,-0.0073,0.1313,-0.6488,153.14000000000001,-58.63,-140.9,
1704802232.2377508,,,,,,,,,,,,,,,0.03198
1704802232.253746,0.0838,0.5918,-0.548,0.5850000000000001,28.95,1.83,-128.25,,,,,,,,
1704802232.253746,,,,,,,,0.7461,0.0063,0.11800000000000001,-0.6552,152.61,-55.370000000000005,-138.84,
1704802232.2716575,,,,,,,,,,,,,,,0.011102
1704802232.2856228,0.0838,0.5918,-0.548,0.5850000000000001,28.95,1.83,-128.25,,,,,,,,
1704802232.2856228,,,,,,,,0.7429,0.012,0.1086,-0.6603,152.74,-51.29,-137.27,
1704802232.304176,,,,,,,,,,,,,,,0.06098
1704802232.3201337,0.0838,0.5918,-0.548,0.5850000000000001,28.96,1.82,-128.26,,,,,,,,
1704802232.3201337,,,,,,,,0.7367,0.019700000000000002,0.0787,-0.6713,153.64000000000001,-41.660000000000004,-134.46,
1704802232.3390787,,,,,,,,,,,,,,,0.035101
1704802232.3530495,0.0838,0.5918,-0.548,0.5850000000000001,28.96,1.82,-128.25,,,,,,,,
1704802232.3530495,,,,,,,,0.7311000000000001,0.0206,0.07100000000000001,-0.6781,155.55,-37.28,-133.09,
1704802232.3719888,,,,,,,,,,,,,,,0.06398
1704802232.3869648,0.0838,0.5918,-0.548,0.5850000000000001,28.96,1.82,-128.25,,,,,,,,
1704802232.3869648,,,,,,,,0.7249,0.0166,0.0731,-0.6847000000000001,158.54,-33.4,-131.84,
1704802232.4054954,,,,,,,,,,,,,,,0.03797
1704802232.4194627,0.0839,0.5918,-0.548,0.5850000000000001,28.95,1.83,-128.26,,,,,,,,
1704802232.4194627,,,,,,,,0.7174,0.026600000000000002,0.06760000000000001,-0.6928000000000001,161.65,-26.94,-128.48,
1704802232.4384367,,,,,,,,,,,,,,,-0.00097
1704802232.4535155,0.0838,0.5918,-0.548,0.5850000000000001,28.95,1.83,-128.26,,,,,,,,
1704802232.4535155,,,,,,,,0.7144,0.0362,0.0634,-0.6958000000000001,162.31,-24.240000000000002,-126.32000000000001,
1704802232.4714632,,,,,,,,,,,,,,,-0.03099
1704802232.4864335,0.0838,0.5918,-0.548,0.5850000000000001,28.95,1.83,-128.26,,,,,,,,
1704802232.4864335,,,,,,,,0.7131000000000001,0.0408,0.07060000000000001,-0.6961,163.79,-22.37,-124.89,
1704802232.5049195,,,,,,,,,,,,,,,-0.02296
1704802232.5208874,0.0839,0.5918,-0.548,0.5850000000000001,28.95,1.82,-128.26,,,,,,,,
1704802232.5208874,,,,,,,,0.7107,0.057,0.0811,-0.6963,163.78,-19.41,-124.16,
1704802232.5388293,,,,,,,,,,,,,,,-0.063101
1704802232.5528002,0.0839,0.5918,-0.548,0.5850000000000001,28.95,1.83,-128.26,,,,,,,,
1704802232.5528002,,,,,,,,0.7107,0.0687,0.07390000000000001,-0.6962,162.41,-17.18,-124.05,
1704802232.5717406,,,,,,,,,,,,,,,-0.01697
1704802232.5864952,0.0839,0.5919,-0.548,0.5850000000000001,28.95,1.83,-128.26,,,,,,,,
1704802232.5864952,,,,,,,,0.7106,0.07540000000000001,0.0745,-0.6955,161.54,-15.280000000000001,-124.95,
1704802232.60495,,,,,,,,,,,,,,,-0.042102
1704802232.6199145,0.0839,0.5918,-0.548,0.5850000000000001,28.95,1.83,-128.26,,,,,,,,
1704802232.6199145,,,,,,,,0.7103,0.08510000000000001,0.0857,-0.6934,160.45000000000002,-11.85,-128.47,
1704802232.6388614,,,,,,,,,,,,,,,0.01898
1704802232.6548178,0.0839,0.5918,-0.548,0.5850000000000001,28.95,1.83,-128.26,,,,,,,,
1704802232.6548178,,,,,,,,0.7111000000000001,0.0913,0.08170000000000001,-0.6922,160.27,-9.33,-129.8,
1704802232.6727705,,,,,,,,,,,,,,,0.00097
1704802232.6857467,0.0839,0.5918,-0.548,0.5850000000000001,28.95,1.83,-128.25,,,,,,,,
1704802232.6857467,,,,,,,,0.7070000000000001,0.0951,0.0863,-0.6954,160.48,-7.2,-131.9,
1704802232.704229,,,,,,,,,,,,,,,-0.029102
1704802232.720183,0.0839,0.5918,-0.548,0.5850000000000001,28.95,1.83,-128.25,,,,,,,,
1704802232.720183,,,,,,,,0.7011000000000001,0.0906,0.1039,-0.6995,162.01,-1.52,-135.6,
1704802232.739132,,,,,,,,,,,,,,,0.02897
1704802232.753105,0.0839,0.5918,-0.548,0.5850000000000001,28.95,1.82,-128.25,,,,,,,,
1704802232.753105,,,,,,,,0.7002,0.092,0.1082,-0.6996,162.37,1.77,-137.19,
1704802232.7720442,,,,,,,,,,,,,,,-0.00898
1704802232.7870073,0.0839,0.5918,-0.548,0.5850000000000001,28.95,1.82,-128.25,,,,,,,,
1704802232.7870073,,,,,,,,0.6937,0.09960000000000001,0.112,-0.7044,161.96,5.0200000000000005,-138.82,
1704802232.8043172,,,,,,,,,,,,,,,-0.02099
1704802232.81928,0.0839,0.5918,-0.548,0.5850000000000001,28.95,1.82,-128.26,,,,,,,,
1704802232.81928,,,,,,,,0.6825,0.08710000000000001,0.11960000000000001,-0.7157,161.78,15.950000000000001,-141.94,
1704802232.8382277,,,,,,,,,,,,,,,-0.013101
1704802232.8541772,0.0839,0.5919,-0.548,0.5850000000000001,28.95,1.82,-128.26,,,,,,,,
1704802232.8541772,,,,,,,,0.6892,0.08370000000000001,0.11850000000000001,-0.7098,161.88,22.52,-143.4,
1704802232.872129,,,,,,,,,,,,,,,0.0251
1704802232.8870943,0.0839,0.5919,-0.548,0.5850000000000001,28.95,1.82,-128.25,,,,,,,,
1704802232.8870943,,,,,,,,0.7037,0.09680000000000001,0.1155,-0.6943,158.1,35.31,-145.24,
1704802232.9051647,,,,,,,,,,,,,,,0.0391
1704802232.9211287,0.0839,0.5919,-0.548,0.5850000000000001,28.95,1.83,-128.26,,,,,,,,
1704802232.9211287,,,,,,,,0.7045,0.0911,0.11130000000000001,-0.6948000000000001,154.75,43.72,-145.62,
1704802232.939075,,,,,,,,,,,,,,,0.050101
1704802232.9530404,0.0839,0.5918,-0.548,0.5850000000000001,28.95,1.82,-128.26,,,,,,,,
1704802232.9530404,,,,,,,,0.7005,0.0843,0.1038,-0.7009000000000001,150.71,52.480000000000004,-145.58,
1704802232.971989,,,,,,,,,,,,,,,0.07598
1704802232.9869542,0.0839,0.5918,-0.548,0.5850000000000001,28.95,1.82,-128.26,,,,,,,,
1704802232.9869542,,,,,,,,0.6959000000000001,0.0902,0.09820000000000001,-0.7055,146.04,60.54,-145.48,
1704802233.0051475,,,,,,,,,,,,,,,0.04699
1704802233.02012,0.0839,0.5918,-0.548,0.5850000000000001,28.95,1.83,-128.26,,,,,,,,
1704802233.02012,,,,,,,,0.7075,0.0753,0.1,-0.6954,141.32,77.48,-145.46,
1704802233.0390606,,,,,,,,,,,,,,,0.04099
1704802233.0530305,0.0839,0.5918,-0.548,0.5850000000000001,28.95,1.82,-128.26,,,,,,,,
1704802233.0530305,,,,,,,,0.7110000000000001,0.0596,0.1082,-0.6921,138.57,85.42,-144.73,
1704802233.0719726,,,,,,,,,,,,,,,0.03499
1704802233.0859423,0.0839,0.5918,-0.548,0.5850000000000001,28.95,1.82,-128.26,,,,,,,,
1704802233.0859423,,,,,,,,0.7167,0.06810000000000001,0.10700000000000001,-0.6856,132.82,92.4,-143.29,
1704802233.104091,,,,,,,,,,,,,,,0.03097
1704802233.1200411,0.0839,0.5918,-0.548,0.5850000000000001,28.95,1.82,-128.26,,,,,,,,
1704802233.1200411,,,,,,,,0.7257,0.0859,0.06620000000000001,-0.6793,116.28,106.32000000000001,-141.55,
1704802233.1389859,,,,,,,,,,,,,,,-0.0061
1704802233.151951,0.0839,0.5918,-0.548,0.5850000000000001,28.95,1.82,-128.26,,,,,,,,
1704802233.151951,,,,,,,,0.734,0.0882,0.0606,-0.6706000000000001,109.52,112.26,-141.15,
1704802233.170905,,,,,,,,,,,,,,,0.01498
1704802233.1868682,0.0839,0.5919,-0.548,0.5850000000000001,28.95,1.82,-128.26,,,,,,,,
1704802233.1868682,,,,,,,,0.7404000000000001,0.08990000000000001,0.0637,-0.6629,103.84,117.41,-140.96,
1704802233.2050629,,,,,,,,,,,,,,,-0.00299
1704802233.2190318,0.0839,0.5918,-0.548,0.5850000000000001,28.95,1.82,-128.26,,,,,,,,
1704802233.2190318,,,,,,,,0.7381000000000001,0.0893,0.022000000000000002,-0.6682,85.55,127.51,-142.68,
1704802233.2379797,,,,,,,,,,,,,,,0.00199
1704802233.2529373,0.0839,0.5918,-0.548,0.5850000000000001,28.95,1.82,-128.26,,,,,,,,
1704802233.2529373,,,,,,,,0.7483000000000001,0.1023,0.005,-0.6553,75.7,131.05,-142.69,
1704802233.2708905,,,,,,,,,,,,,,,0.00397
1704802233.2863739,0.0839,0.5918,-0.548,0.5850000000000001,28.95,1.82,-128.26,,,,,,,,
1704802233.2863739,,,,,,,,0.7509,0.10830000000000001,0.006500000000000001,-0.6513,67.96000000000001,133.17000000000002,-142.65,
1704802233.304714,,,,,,,,,,,,,,,-0.02798
1704802233.3196304,0.0839,0.5919,-0.548,0.5850000000000001,28.95,1.82,-128.26,,,,,,,,
1704802233.3196304,,,,,,,,0.7536,0.0918,-0.0109,-0.6507000000000001,50.08,139.0,-144.27,
1704802233.3383193,,,,,,,,,,,,,,,-0.0351
1704802233.3522897,0.0839,0.5918,-0.548,0.5850000000000001,28.95,1.82,-128.26,,,,,,,,
1704802233.3522897,,,,,,,,0.76,0.0956,-0.0284,-0.6421,39.46,140.4,-144.94,
1704802233.3702385,,,,,,,,,,,,,,,-0.009101
1704802233.3862326,0.0839,0.5918,-0.548,0.5850000000000001,28.95,1.82,-128.26,,,,,,,,
1704802233.3862326,,,,,,,,0.7657,0.1037,-0.0315,-0.6339,29.26,139.70000000000002,-144.37,
1704802233.4046524,,,,,,,,,,,,,,,0.02898
1704802233.4196186,0.0839,0.5918,-0.548,0.5850000000000001,28.95,1.82,-128.25,,,,,,,,
1704802233.4196186,,,,,,,,0.779,0.09910000000000001,-0.0456,-0.6173000000000001,10.290000000000001,139.26,-143.83,
1704802233.4385614,,,,,,,,,,,,,,,0.00999
1704802233.4535215,0.0839,0.5918,-0.548,0.5850000000000001,28.95,1.82,-128.25,,,,,,,,
1704802233.4535215,,,,,,,,0.784,0.10490000000000001,-0.0616,-0.6086,-0.9,137.71,-143.9,
1704802233.4724705,,,,,,,,,,,,,,,0.00999
1704802233.4864507,0.0839,0.5918,-0.548,0.5850000000000001,28.95,1.82,-128.25,,,,,,,,
1704802233.4864507,,,,,,,,0.8041,0.10300000000000001,-0.0712,-0.5810000000000001,-19.3,133.3,-143.62,
1704802233.505892,,,,,,,,,,,,,,,0.01099
1704802233.5208514,0.0838,0.5918,-0.548,0.5850000000000001,28.95,1.82,-128.25,,,,,,,,
1704802233.5208514,,,,,,,,0.8087000000000001,0.0921,-0.0748,-0.5760000000000001,-28.03,130.8,-143.39000000000001,
1704802233.5388052,,,,,,,,,,,,,,,0.0111
1704802233.5527754,0.0838,0.5918,-0.548,0.5850000000000001,28.95,1.82,-128.25,,,,,,,,
1704802233.5527754,,,,,,,,0.8076,0.0954,-0.081,-0.5762,-37.7,127.32000000000001,-143.18,
1704802233.5707207,,,,,,,,,,,,,,,0.02899
1704802233.5866816,0.0838,0.5918,-0.548,0.5850000000000001,28.95,1.82,-128.25,,,,,,,,
1704802233.5866816,,,,,,,,0.8270000000000001,0.09630000000000001,-0.09330000000000001,-0.5459,-55.78,118.71000000000001,-142.51,
1704802233.6047812,,,,,,,,,,,,,,,0.02595
1704802233.6187482,0.0838,0.5918,-0.548,0.5850000000000001,28.95,1.82,-128.25,,,,,,,,
1704802233.6187482,,,,,,,,0.8368,0.09090000000000001,-0.0988,-0.5306000000000001,-64.41,114.13,-142.41,
1704802233.637692,,,,,,,,,,,,,,,-0.04397
1704802233.6526587,0.0838,0.5918,-0.5481,0.5850000000000001,28.95,1.82,-128.26,,,,,,,,
1704802233.6526587,,,,,,,,0.8488,0.08610000000000001,-0.10540000000000001,-0.5108,-72.35000000000001,108.9,-142.13,
1704802233.6716013,,,,,,,,,,,,,,,-0.064101
1704802233.6855776,0.0838,0.5918,-0.548,0.5850000000000001,28.95,1.82,-128.26,,,,,,,,
1704802233.6855776,,,,,,,,0.8565,0.0867,-0.109,-0.4968,-80.89,102.56,-141.66,
1704802233.7045658,,,,,,,,,,,,,,,-0.01698
1704802233.719528,0.0838,0.5918,-0.548,0.5850000000000001,28.95,1.82,-128.25,,,,,,,,
1704802233.719528,,,,,,,,0.8618,0.09960000000000001,-0.1095,-0.48500000000000004,-95.22,89.15,-139.5,
1704802233.7374783,,,,,,,,,,,,,,,-0.02697
1704802233.7524488,0.0838,0.5918,-0.548,0.5850000000000001,28.95,1.82,-128.25,,,,,,,,
1704802233.7524488,,,,,,,,0.8648,0.10200000000000001,-0.1024,-0.4807,-100.79,81.93,-138.39000000000001,
1704802233.7703936,,,,,,,,,,,,,,,-0.05197
1704802233.7863626,0.0838,0.5918,-0.5481,0.5850000000000001,28.95,1.82,-128.25,,,,,,,,
1704802233.7863626,,,,,,,,0.8689,0.11510000000000001,-0.1091,-0.46880000000000005,-113.51,67.01,-138.42000000000002,
1704802233.8046436,,,,,,,,,,,,,,,-0.07198
1704802233.8199475,0.0838,0.5918,-0.5481,0.5850000000000001,28.95,1.82,-128.25,,,,,,,,
1704802233.8199475,,,,,,,,0.8721,0.1221,-0.1159,-0.45930000000000004,-119.54,58.92,-138.8,
1704802233.8369024,,,,,,,,,,,,,,,-0.07097
1704802233.8538618,0.0838,0.5918,-0.5481,0.5850000000000001,28.95,1.82,-128.25,,,,,,,,
1704802233.8538618,,,,,,,,0.8767,0.1242,-0.10600000000000001,-0.4524,-123.22,50.0,-138.07,
1704802233.8718054,,,,,,,,,,,,,,,-0.0861
1704802233.8857727,0.0838,0.5918,-0.548,0.5850000000000001,28.95,1.82,-128.26,,,,,,,,
1704802233.8857727,,,,,,,,0.8795000000000001,0.12490000000000001,-0.0994,-0.44830000000000003,-126.92,41.42,-137.87,
1704802233.9032516,,,,,,,,,,,,,,,-0.050101
1704802233.9192057,0.0839,0.5918,-0.548,0.5850000000000001,28.95,1.82,-128.25,,,,,,,,
1704802233.9192057,,,,,,,,0.8805000000000001,0.1364,-0.11900000000000001,-0.4378,-137.19,24.46,-139.70000000000002,
1704802233.9371552,,,,,,,,,,,,,,,-0.00596
1704802233.9521182,0.0839,0.5918,-0.548,0.5850000000000001,28.95,1.82,-128.25,,,,,,,,
1704802233.9521182,,,,,,,,0.8796,0.1461,-0.1143,-0.4379,-140.09,14.93,-139.53,
1704802233.9710636,,,,,,,,,,,,,,,-0.05099
1704802233.986042,0.0839,0.5918,-0.548,0.5850000000000001,28.95,1.82,-128.25,,,,,,,,
1704802233.986042,,,,,,,,0.8802000000000001,0.15560000000000002,-0.1057,-0.43560000000000004,-141.86,4.66,-139.32,
1704802234.0052838,,,,,,,,,,,,,,,-0.03797
1704802234.0192564,0.0839,0.5918,-0.548,0.5850000000000001,28.95,1.82,-128.25,,,,,,,,
1704802234.0192564,,,,,,,,0.8789,0.1694,-0.1149,-0.4307,-146.21,-5.22,-140.70000000000002,
1704802234.038197,,,,,,,,,,,,,,,-0.060101
1704802234.0531595,0.0839,0.5918,-0.548,0.5850000000000001,28.95,1.82,-128.25,,,,,,,,
1704802234.0531595,,,,,,,,0.8718,0.21250000000000002,-0.1342,-0.4202,-153.35,-25.96,-143.47,
1704802234.0721052,,,,,,,,,,,,,,,-0.01398
1704802234.0860803,0.0839,0.5918,-0.548,0.5850000000000001,28.95,1.82,-128.25,,,,,,,,
1704802234.0860803,,,,,,,,0.8719,0.2185,-0.132,-0.4178,-154.69,-35.63,-144.3,
1704802234.1045475,,,,,,,,,,,,,,,-0.02499
1704802234.1195145,0.0839,0.5918,-0.548,0.5850000000000001,28.95,1.82,-128.25,,,,,,,,
1704802234.1195145,,,,,,,,0.8689,0.2167,-0.1342,-0.42410000000000003,-156.28,-44.43,-145.91,
1704802234.1384566,,,,,,,,,,,,,,,-0.01699
1704802234.1524286,0.0839,0.5918,-0.548,0.5850000000000001,28.95,1.82,-128.25,,,,,,,,
1704802234.1524286,,,,,,,,0.8668,0.2482,-0.13090000000000002,-0.41190000000000004,-159.32,-67.54,-147.71,
1704802234.17137,,,,,,,,,,,,,,,-0.01098
1704802234.187353,0.0839,0.5918,-0.548,0.5850000000000001,28.95,1.82,-128.25,,,,,,,,
1704802234.187353,,,,,,,,0.8645,0.2615,-0.1313,-0.40850000000000003,-161.03,-78.7,-149.75,
1704802234.2058122,,,,,,,,,,,,,,,-0.02297
1704802234.2197802,0.0839,0.5918,-0.548,0.5850000000000001,28.95,1.82,-128.25,,,,,,,,
1704802234.2197802,,,,,,,,0.8583000000000001,0.2791,-0.1464,-0.4047,-162.82,-100.84,-152.73,
1704802234.2377293,,,,,,,,,,,,,,,-0.04797
1704802234.2526953,0.0839,0.5918,-0.548,0.5850000000000001,28.95,1.82,-128.26,,,,,,,,
1704802234.2526953,,,,,,,,0.8492000000000001,0.30210000000000004,-0.1263,-0.4142,-163.05,-113.67,-155.6,
1704802234.2726371,,,,,,,,,,,,,,,-0.06881
1704802234.2856057,0.0839,0.5918,-0.548,0.5850000000000001,28.95,1.82,-128.26,,,,,,,,
1704802234.2856057,,,,,,,,0.8461000000000001,0.3165,-0.12380000000000001,-0.41050000000000003,-162.72,-125.44,-158.75,
1704802234.3036027,,,,,,,,,,,,,,,-0.34499
1704802234.319561,0.0838,0.5918,-0.548,0.5850000000000001,28.95,1.82,-128.26,,,,,,,,
1704802234.319561,,,,,,,,0.8376,0.3277,-0.1568,-0.4078,-161.37,-144.72,-165.47,
1704802234.3385005,,,,,,,,,,,,,,,-0.2731
1704802234.3514657,0.0838,0.5918,-0.5481,0.5850000000000001,28.95,1.82,-128.26,,,,,,,,
1704802234.3514657,,,,,,,,0.8308000000000001,0.3397,-0.1481,-0.4151,-158.02,-154.83,-167.63,
1704802234.3704298,,,,,,,,,,,,,,,-0.19997
1704802234.385377,0.0838,0.5918,-0.5481,0.5850000000000001,28.95,1.82,-128.26,,,,,,,,
1704802234.385377,,,,,,,,0.8285,0.3443,-0.1364,-0.42000000000000004,-154.0,-164.35,-169.64000000000001,
1704802234.4038558,,,,,,,,,,,,,,,-0.189101
1704802234.4188235,0.0838,0.5918,-0.5481,0.5850000000000001,28.95,1.82,-128.27,,,,,,,,
1704802234.4188235,,,,,,,,0.8199000000000001,0.3522,-0.1482,-0.42610000000000003,-146.71,-180.33,-173.64000000000001,
1704802234.4367716,,,,,,,,,,,,,,,-0.11699
1704802234.4527268,0.0838,0.5918,-0.5481,0.5850000000000001,28.95,1.82,-128.27,,,,,,,,
1704802234.4527268,,,,,,,,0.8143,0.3614,-0.14200000000000002,-0.4313,-140.9,-187.73,-174.05,
1704802234.4706788,,,,,,,,,,,,,,,-0.090101
1704802234.4856422,0.0838,0.5918,-0.5481,0.5850000000000001,28.95,1.82,-128.27,,,,,,,,
1704802234.4856422,,,,,,,,0.8132,0.3567,-0.12810000000000002,-0.4415,-134.04,-194.31,-173.46,
1704802234.5043683,,,,,,,,,,,,,,,-0.03797
1704802234.5203886,0.0838,0.5918,-0.548,0.5850000000000001,28.95,1.82,-128.27,,,,,,,,
1704802234.5203886,,,,,,,,0.8103,0.3466,-0.1202,-0.4567,-120.25,-204.74,-172.02,
1704802234.5373402,,,,,,,,,,,,,,,-0.06098
1704802234.551488,0.0838,0.5918,-0.548,0.5850000000000001,28.95,1.82,-128.27,,,,,,,,
1704802234.551488,,,,,,,,0.805,0.3531,-0.12190000000000001,-0.4607,-114.05,-210.08,-171.66,
1704802234.5684392,,,,,,,,,,,,,,,-0.061101
1704802234.5863907,0.0838,0.5918,-0.548,0.5850000000000001,28.95,1.82,-128.26,,,,,,,,
1704802234.5863907,,,,,,,,0.8036000000000001,0.3281,-0.11230000000000001,-0.48350000000000004,-96.58,-214.59,-168.41,
1704802234.6045835,,,,,,,,,,,,,,,-0.014102
1704802234.618549,0.0838,0.5918,-0.548,0.5850000000000001,28.95,1.82,-128.26,,,,,,,,
1704802234.618549,,,,,,,,0.797,0.3249,-0.10360000000000001,-0.4983,-87.5,-218.46,-164.44,
1704802234.6374958,,,,,,,,,,,,,,,0.04097
1704802234.6524606,0.0838,0.5918,-0.548,0.5850000000000001,28.95,1.82,-128.26,,,,,,,,
1704802234.6524606,,,,,,,,0.7946000000000001,0.3292,-0.09770000000000001,-0.5005000000000001,-79.57000000000001,-221.84,-162.54,
1704802234.670407,,,,,,,,,,,,,,,0.002104
1704802234.684369,0.0838,0.5918,-0.548,0.5850000000000001,28.95,1.82,-128.26,,,,,,,,
1704802234.684369,,,,,,,,0.7975,0.3139,-0.0947,-0.5063,-69.48,-221.91,-160.47,
1704802234.7023323,,,,,,,,,,,,,,,0.08698
1704802234.7188466,0.0838,0.5918,-0.5481,0.5850000000000001,28.95,1.83,-128.26,,,,,,,,
1704802234.7188466,,,,,,,,0.7932,0.2892,-0.0903,-0.528,-51.1,-223.78,-152.59,
1704802234.7368,,,,,,,,,,,,,,,0.0551
1704802234.7517586,0.0838,0.5918,-0.5481,0.5850000000000001,28.95,1.82,-128.26,,,,,,,,
1704802234.7517586,,,,,,,,0.789,0.3063,-0.0956,-0.5238,-43.29,-226.05,-151.58,
1704802234.7697122,,,,,,,,,,,,,,,0.06396
1704802234.7856772,0.0838,0.5918,-0.5481,0.5850000000000001,28.95,1.82,-128.26,,,,,,,,
1704802234.7856772,,,,,,,,0.7945,0.2891,-0.0936,-0.5256000000000001,-31.96,-225.1,-149.19,
1704802234.8039632,,,,,,,,,,,,,,,0.004102
1704802234.818931,0.0838,0.5918,-0.5481,0.5850000000000001,28.95,1.82,-128.25,,,,,,,,
1704802234.818931,,,,,,,,0.7939,0.24600000000000002,-0.0839,-0.5496,-9.01,-221.09,-142.45000000000002,
1704802234.8368738,,,,,,,,,,,,,,,0.05598
1704802234.851834,0.0838,0.5918,-0.5481,0.5850000000000001,28.95,1.82,-128.26,,,,,,,,
1704802234.851834,,,,,,,,0.7789,0.2742,-0.0826,-0.5578000000000001,-0.13,-220.65,-139.84,
1704802234.8697903,,,,,,,,,,,,,,,0.03098
1704802234.884746,0.0838,0.5918,-0.5481,0.5850000000000001,28.95,1.82,-128.26,,,,,,,,
1704802234.884746,,,,,,,,0.7706000000000001,0.2753,-0.07970000000000001,-0.5691,10.76,-217.54,-136.67000000000002,
1704802234.9027102,,,,,,,,,,,,,,,0.01196
1704802234.9191682,0.0838,0.5918,-0.5481,0.5850000000000001,28.95,1.83,-128.26,,,,,,,,
1704802234.9191682,,,,,,,,0.762,0.2341,-0.07590000000000001,-0.5989,36.22,-206.39000000000001,-128.69,
1704802234.9371204,,,,,,,,,,,,,,,-0.03897
1704802234.9510813,0.0838,0.5918,-0.5481,0.5850000000000001,28.95,1.83,-128.26,,,,,,,,
1704802234.9510813,,,,,,,,0.7532,0.2432,-0.06330000000000001,-0.6077,47.33,-202.49,-125.49000000000001,
1704802234.9700334,,,,,,,,,,,,,,,-0.060116
1704802234.984997,0.0838,0.5918,-0.5481,0.5850000000000001,28.95,1.83,-128.26,,,,,,,,
1704802234.984997,,,,,,,,0.7408,0.21030000000000001,-0.0816,-0.6326,67.51,-188.70000000000002,-120.37,
1704802235.0242,,,,,,,,,,,,,,,0.231102
1704802235.0351744,0.0838,0.5918,-0.548,0.5850000000000001,28.95,1.83,-128.26,,,,,,,,
1704802235.0351744,,,,,,,,0.7292000000000001,0.20980000000000001,-0.0711,-0.6473,77.39,-183.47,-117.54,
1704802235.1145477,,,,,,,,,,,,,,,0.2361
1704802235.1344512,0.0838,0.5918,-0.548,0.5850000000000001,28.95,1.83,-128.26,,,,,,,,
1704802235.1344512,,,,,,,,0.7083,0.19460000000000002,-0.0795,-0.6737000000000001,107.33,-161.41,-109.76,
1704802235.2049413,,,,,,,,,,,,,,,0.20897
1704802235.2179096,0.0839,0.5918,-0.548,0.5850000000000001,28.95,1.82,-128.25,,,,,,,,
1704802235.2179096,,,,,,,,0.6847000000000001,0.1758,-0.09230000000000001,-0.7012,131.65,-137.07,-104.2,
1704802235.2987716,,,,,,,,,,,,,,,0.136101
1704802235.3182528,0.0838,0.5918,-0.548,0.5850000000000001,28.95,1.82,-128.25,,,,,,,,
1704802235.3182528,,,,,,,,0.6665,0.1471,-0.0868,-0.7256,154.29,-113.88,-100.89,
1704802235.3890517,,,,,,,,,,,,,,,0.144101
1704802235.4010198,0.0838,0.5918,-0.548,0.5850000000000001,28.95,1.82,-128.25,,,,,,,,
1704802235.4010198,,,,,,,,0.6547000000000001,0.1107,-0.0748,-0.7439,170.07,-97.17,-95.16,
1704802235.4793565,,,,,,,,,,,,,,,0.1511
1704802235.4843123,0.0838,0.5918,-0.548,0.5850000000000001,28.95,1.82,-128.26,,,,,,,,
1704802235.4843123,,,,,,,,0.6323000000000001,0.1082,-0.0789,-0.763,179.79,-82.83,-91.05,
1704802235.568647,,,,,,,,,,,,,,,0.13997
1704802235.5846076,0.0839,0.5918,-0.548,0.5850000000000001,28.95,1.82,-128.26,,,,,,,,
1704802235.5846076,,,,,,,,0.6517000000000001,0.084,-0.0745,-0.75,191.75,-63.14,-87.51,
1704802235.6590667,,,,,,,,,,,,,,,0.08299
1704802235.6680012,0.0839,0.5918,-0.548,0.5850000000000001,28.95,1.82,-128.26,,,,,,,,
1704802235.6680012,,,,,,,,0.6901,0.06470000000000001,-0.0785,-0.7164,200.52,-45.15,-88.27,
1704802235.749339,,,,,,,,,,,,,,,0.06898
1704802235.7662945,0.0838,0.5918,-0.548,0.5850000000000001,28.95,1.82,-128.26,,,,,,,,
1704802235.7662945,,,,,,,,0.6009,0.09090000000000001,-0.08700000000000001,-0.7892,205.9,-25.89,-83.36,
1704802235.8436859,,,,,,,,,,,,,,,0.0411
1704802235.8506694,0.0838,0.5918,-0.548,0.5850000000000001,28.95,1.82,-128.26,,,,,,,,
1704802235.8506694,,,,,,,,0.5837,0.0746,-0.0732,-0.8051,208.88,-12.1,-85.57000000000001,
1704802235.9330797,,,,,,,,,,,,,,,0.052102
1704802235.9500341,0.0839,0.5918,-0.548,0.5850000000000001,28.95,1.82,-128.26,,,,,,,,
1704802235.9500341,,,,,,,,0.5762,0.0658,-0.0669,-0.8118000000000001,207.86,8.68,-89.64,
1704802236.0234277,,,,,,,,,,,,,,,0.09399
1704802236.0354047,0.0839,0.5918,-0.548,0.5850000000000001,28.95,1.83,-128.26,,,,,,,,
1704802236.0354047,,,,,,,,0.5885,0.054700000000000006,-0.06330000000000001,-0.8041,204.34,32.95,-94.24,
1704802236.113783,,,,,,,,,,,,,,,0.077162
1704802236.1337318,0.0839,0.5919,-0.548,0.5850000000000001,28.95,1.83,-128.26,,,,,,,,
1704802236.1337318,,,,,,,,0.6077,0.052700000000000004,-0.0707,-0.7891,199.20000000000002,52.49,-96.29,
1704802236.2036214,,,,,,,,,,,,,,,1.08898
1704802236.217094,0.0839,0.5918,-0.548,0.5850000000000001,28.95,1.83,-128.26,,,,,,,,
1704802236.217094,,,,,,,,0.6203000000000001,0.0374,-0.0601,-0.781,194.09,76.13,-94.4,
1704802236.2939737,,,,,,,,,,,,,,,0.8571
1704802236.2999167,0.0839,0.5918,-0.548,0.5850000000000001,28.95,1.83,-128.25,,,,,,,,
1704802236.2999167,,,,,,,,0.6382,0.0625,-0.0801,-0.763,183.73,92.41,-91.75,
1704802236.3842866,,,,,,,,,,,,,,,0.70499
1704802236.4012775,0.0838,0.5918,-0.5481,0.5850000000000001,28.95,1.83,-128.25,,,,,,,,
1704802236.4012775,,,,,,,,nan,nan,nan,nan,nan,nan,nan,
1704802236.4740164,,,,,,,,,,,,,,,0.56697
1704802236.483949,0.0838,0.5917,-0.5481,0.5850000000000001,28.94,1.83,-128.25,,,,,,,,
1704802236.483949,,,,,,,,nan,nan,nan,nan,nan,nan,nan,
1704802236.5642796,,,,,,,,,,,,,,,0.42399
1704802236.583199,0.08370000000000001,0.5917,-0.5482,0.5850000000000001,28.94,1.84,-128.24,,,,,,,,
1704802236.583199,,,,,,,,nan,nan,nan,nan,nan,nan,nan,
1704802236.6585402,,,,,,,,,,,,,,,0.34198
1704802236.666522,0.08370000000000001,0.5917,-0.5482,0.5849,28.94,1.84,-128.24,,,,,,,,
1704802236.666522,,,,,,,,0.6492,0.0717,-0.0695,-0.7539,107.36,160.95000000000002,-101.22,
1704802236.7489405,,,,,,,,,,,,,,,0.25998
1704802236.7668939,0.0838,0.5918,-0.5481,0.5850000000000001,28.94,1.83,-128.25,,,,,,,,
1704802236.7668939,,,,,,,,0.6819000000000001,0.051500000000000004,-0.0714,-0.7260000000000001,84.14,178.54,-107.72,
1704802236.838364,,,,,,,,,,,,,,,0.19498
1704802236.8502917,0.0838,0.5918,-0.5481,0.5850000000000001,28.94,1.83,-128.25,,,,,,,,
1704802236.8502917,,,,,,,,0.7039000000000001,0.0526,-0.0594,-0.7058,66.75,187.84,-108.32000000000001,
1704802236.9286268,,,,,,,,,,,,,,,0.14199
1704802236.9326162,0.0838,0.5918,-0.5481,0.5850000000000001,28.94,1.83,-128.26,,,,,,,,
1704802236.9326162,,,,,,,,0.7231000000000001,0.07060000000000001,-0.0655,-0.6839000000000001,47.35,192.39000000000001,-108.28,
1704802237.0189037,,,,,,,,,,,,,,,0.11699
1704802237.0338645,0.0839,0.5918,-0.548,0.5850000000000001,28.95,1.82,-128.26,,,,,,,,
1704802237.0338645,,,,,,,,0.7471,0.09050000000000001,-0.051800000000000006,-0.6564,24.53,191.22,-106.87,
1704802237.1094341,,,,,,,,,,,,,,,0.09596
1704802237.116395,0.0839,0.5919,-0.548,0.5850000000000001,28.95,1.82,-128.26,,,,,,,,
1704802237.116395,,,,,,,,0.7724000000000001,0.08360000000000001,-0.0413,-0.6282,4.0,189.76,-111.64,
1704802237.2032053,,,,,,,,,,,,,,,0.03098
1704802237.2156782,0.0839,0.5918,-0.548,0.5850000000000001,28.95,1.82,-128.26,,,,,,,,
1704802237.2156782,,,,,,,,0.7687,0.1082,-0.024200000000000003,-0.6298,-18.54,184.55,-113.9,
1704802237.2934742,,,,,,,,,,,,,,,0.01097
1704802237.2994576,0.0839,0.5919,-0.548,0.5850000000000001,28.96,1.82,-128.26,,,,,,,,
1704802237.2994576,,,,,,,,0.7798,0.11720000000000001,-0.0059,-0.6148,-33.08,178.41,-114.29,
1704802237.3837428,,,,,,,,,,,,,,,-0.021101
1704802237.3997343,0.0839,0.5919,-0.548,0.5850000000000001,28.96,1.81,-128.25,,,,,,,,
1704802237.3997343,,,,,,,,0.7993,0.1254,-0.018500000000000003,-0.5872,-56.83,170.79,-118.63,
1704802237.473109,,,,,,,,,,,,,,,0.01898
1704802237.4830823,0.0839,0.5919,-0.548,0.5850000000000001,28.96,1.81,-128.25,,,,,,,,
1704802237.4830823,,,,,,,,0.8500000000000001,0.12710000000000002,-0.0273,-0.5104000000000001,-82.2,155.70000000000002,-125.39,
1704802237.5634546,,,,,,,,,,,,,,,0.001104
1704802237.5834033,0.0839,0.5918,-0.548,0.5850000000000001,28.96,1.82,-128.25,,,,,,,,
1704802237.5834033,,,,,,,,0.8682000000000001,0.1307,-0.0412,-0.4767,-105.23,136.73,-134.6,
1704802237.6539705,,,,,,,,,,,,,,,0.08599
1704802237.6658974,0.0838,0.5918,-0.548,0.5850000000000001,28.95,1.82,-128.26,,,,,,,,
1704802237.6658974,,,,,,,,0.8808,0.1216,-0.055400000000000005,-0.454,-120.05,121.01,-142.82,
1704802237.748267,,,,,,,,,,,,,,,0.070101
1704802237.7662208,0.0838,0.5918,-0.5481,0.5850000000000001,28.95,1.82,-128.26,,,,,,,,
1704802237.7662208,,,,,,,,0.8754000000000001,0.1418,-0.0649,-0.45740000000000003,-138.44,96.8,-150.99,
1704802237.8376114,,,,,,,,,,,,,,,0.09199
1704802237.8505793,0.0838,0.5918,-0.5481,0.5850000000000001,28.95,1.82,-128.26,,,,,,,,
1704802237.8505793,,,,,,,,0.8802000000000001,0.14700000000000002,-0.061700000000000005,-0.4469,-150.0,76.58,-153.92000000000002,
1704802237.928094,,,,,,,,,,,,,,,0.076101
1704802237.9330807,0.0838,0.5918,-0.5481,0.5850000000000001,28.95,1.82,-128.26,,,,,,,,
1704802237.9330807,,,,,,,,0.887,0.1322,-0.058300000000000005,-0.4385,-158.69,56.36,-155.05,
1704802238.0183935,,,,,,,,,,,,,,,0.096103
1704802238.0345526,0.0838,0.5918,-0.548,0.5850000000000001,28.95,1.82,-128.26,,,,,,,,
1704802238.0345526,,,,,,,,0.891,0.15610000000000002,-0.054200000000000005,-0.42260000000000003,-171.08,8.68,-153.9,
1704802238.1079655,,,,,,,,,,,,,,,0.14499
1704802238.1171148,0.0839,0.5918,-0.548,0.5850000000000001,28.95,1.82,-128.25,,,,,,,,
1704802238.1171148,,,,,,,,0.894,0.1665,-0.059800000000000006,-0.41150000000000003,-176.76,-21.88,-154.01,
1704802238.1989279,,,,,,,,,,,,,,,0.1181
1704802238.215287,0.0839,0.5918,-0.548,0.5850000000000001,28.95,1.82,-128.25,,,,,,,,
1704802238.215287,,,,,,,,0.8969,0.1859,-0.0575,-0.39690000000000003,-179.96,-65.67,-151.96,
1704802238.2931185,,,,,,,,,,,,,,,0.1131
1704802238.2991045,0.0838,0.5918,-0.548,0.5850000000000001,28.95,1.83,-128.25,,,,,,,,
1704802238.2991045,,,,,,,,0.8965000000000001,0.1915,-0.0485,-0.39640000000000003,-181.02,-100.04,-149.92000000000002,
1704802238.3830154,,,,,,,,,,,,,,,0.110102
1704802238.3989692,0.0838,0.5918,-0.548,0.5850000000000001,28.95,1.83,-128.25,,,,,,,,
1704802238.3989692,,,,,,,,0.8971,0.18000000000000002,-0.0432,-0.4011,-177.07,-141.37,-148.11,
1704802238.4732823,,,,,,,,,,,,,,,0.13998
1704802238.4822571,0.0838,0.5918,-0.5481,0.5850000000000001,28.95,1.82,-128.26,,,,,,,,
1704802238.4822571,,,,,,,,0.9044000000000001,0.19870000000000002,-0.0386,-0.3754,-169.69,-170.85,-147.67000000000002,
1704802238.562614,,,,,,,,,,,,,,,0.09897
1704802238.5835605,0.0838,0.5918,-0.5481,0.5850000000000001,28.95,1.82,-128.25,,,,,,,,
1704802238.5835605,,,,,,,,0.8984000000000001,0.16540000000000002,-0.0228,-0.406,-144.12,-202.57,-146.06,
1704802238.6535554,,,,,,,,,,,,,,,0.048106
1704802238.6665254,0.0838,0.5918,-0.548,0.5850000000000001,28.96,1.82,-128.26,,,,,,,,
1704802238.6665254,,,,,,,,0.8826,0.162,-0.0233,-0.4405,-123.08,-216.22,-143.70000000000002,
1704802238.742979,,,,,,,,,,,,,,,0.155101
1704802238.7489324,0.0838,0.5918,-0.548,0.5850000000000001,28.95,1.82,-128.26,,,,,,,,
1704802238.7489324,,,,,,,,0.8632000000000001,0.1519,-0.0099,-0.4812,-96.58,-225.37,-140.4,
1704802238.8372083,,,,,,,,,,,,,,,0.1591
1704802238.8501759,0.0839,0.5918,-0.548,0.5850000000000001,28.95,1.82,-128.26,,,,,,,,
1704802238.8501759,,,,,,,,0.8748,0.11670000000000001,-0.011300000000000001,-0.47000000000000003,-60.230000000000004,-233.67000000000002,-135.99,
1704802238.9237108,,,,,,,,,,,,,,,0.14674
1704802238.93269,0.0839,0.5918,-0.548,0.5850000000000001,28.95,1.82,-128.26,,,,,,,,
1704802238.93269,,,,,,,,0.8505,0.11660000000000001,-0.0077,-0.5127,-32.660000000000004,-237.29,-132.16,
1704802239.01764,,,,,,,,,,,,,,,-0.28796
1704802239.0325665,0.0839,0.5918,-0.548,0.5850000000000001,28.95,1.82,-128.25,,,,,,,,
1704802239.0325665,,,,,,,,0.8218000000000001,0.0883,-0.0125,-0.5627,12.99,-235.35,-122.07000000000001,
1704802239.1074002,,,,,,,,,,,,,,,-0.2751
1704802239.1159043,0.0838,0.5918,-0.548,0.5850000000000001,28.95,1.82,-128.25,,,,,,,,
1704802239.1159043,,,,,,,,0.8029000000000001,0.08460000000000001,-0.010100000000000001,-0.5898,43.06,-230.76,-113.54,
1704802239.197929,,,,,,,,,,,,,,,-0.20198
1704802239.2154305,0.0838,0.5918,-0.548,0.5850000000000001,28.95,1.82,-128.26,,,,,,,,
1704802239.2154305,,,,,,,,0.768,0.0758,-0.0196,-0.6355000000000001,78.92,-214.32,-104.48,
1704802239.2876856,,,,,,,,,,,,,,,-0.17599
1704802239.2986684,0.0839,0.5918,-0.548,0.5850000000000001,28.95,1.82,-128.26,,,,,,,,
1704802239.2986684,,,,,,,,0.7441,0.07930000000000001,-0.027,-0.6627000000000001,101.60000000000001,-197.22,-101.7,
1704802239.3780112,,,,,,,,,,,,,,,-0.13799
1704802239.3820002,0.0839,0.5918,-0.548,0.5850000000000001,28.95,1.82,-128.26,,,,,,,,
1704802239.3820002,,,,,,,,0.7212000000000001,0.06570000000000001,-0.059500000000000004,-0.687,125.44,-165.92000000000002,-103.88,
1704802239.4683936,,,,,,,,,,,,,,,-0.10798
1704802239.4823225,0.0839,0.5919,-0.548,0.5850000000000001,28.95,1.82,-128.26,,,,,,,,
1704802239.4823225,,,,,,,,0.6818000000000001,0.057600000000000005,-0.053200000000000004,-0.7273000000000001,149.57,-135.06,-104.54,
1704802239.5620427,,,,,,,,,,,,,,,-0.0991
1704802239.581991,0.0839,0.5918,-0.548,0.5850000000000001,28.95,1.82,-128.26,,,,,,,,
1704802239.581991,,,,,,,,0.6583,0.0489,-0.0449,-0.7497,166.02,-103.64,-106.39,
1704802239.652145,,,,,,,,,,,,,,,-0.06197
1704802239.6651115,0.0839,0.5919,-0.548,0.5850000000000001,28.95,1.82,-128.26,,,,,,,,
1704802239.6651115,,,,,,,,0.6365000000000001,0.0526,-0.0426,-0.7682,175.37,-81.58,-107.4,
1704802239.7422588,,,,,,,,,,,,,,,-0.07898
1704802239.7482014,0.0838,0.5918,-0.548,0.5850000000000001,28.95,1.82,-128.25,,,,,,,,
1704802239.7482014,,,,,,,,0.6382,0.047400000000000005,-0.0247,-0.7679,183.8,-60.26,-107.32000000000001,
1704802239.8324943,,,,,,,,,,,,,,,-0.07697
1704802239.84841,0.0838,0.5918,-0.5481,0.5850000000000001,28.95,1.83,-128.25,,,,,,,,
1704802239.84841,,,,,,,,0.6611,0.054900000000000004,-0.029,-0.7476,190.35,-28.67,-103.05,
1704802239.9229074,,,,,,,,,,,,,,,-0.091101
1704802239.9319255,0.0838,0.5918,-0.548,0.5850000000000001,28.95,1.83,-128.25,,,,,,,,
1704802239.9319255,,,,,,,,0.5839,0.0613,-0.0195,-0.8092,189.89000000000001,9.55,-101.32000000000001,
1704802240.013242,,,,,,,,,,,,,,,-0.03899
1704802240.0331595,0.0839,0.5919,-0.548,0.5850000000000001,28.95,1.83,-128.26,,,,,,,,
1704802240.0331595,,,,,,,,0.5861000000000001,0.0603,-0.016300000000000002,-0.8077000000000001,183.97,41.58,-99.60000000000001,
1704802240.1075,,,,,,,,,,,,,,,-0.0271
1704802240.115905,0.0839,0.5919,-0.548,0.5849,28.95,1.84,-128.26,,,,,,,,
1704802240.115905,,,,,,,,0.6209,0.0512,-0.0114,-0.7821,173.92000000000002,82.32000000000001,-96.96000000000001,
1704802240.1976864,,,,,,,,,,,,,,,-0.003101
1704802240.2142446,0.0839,0.5919,-0.548,0.5850000000000001,28.95,1.83,-128.26,,,,,,,,
1704802240.2142446,,,,,,,,0.6177,0.041,-0.0048000000000000004,-0.7852,157.61,118.87,-95.08,
1704802240.2870495,,,,,,,,,,,,,,,0.03398
1704802240.2990203,0.0838,0.5918,-0.5481,0.5849,28.94,1.84,-128.24,,,,,,,,
1704802240.2990203,,,,,,,,0.6415000000000001,0.0442,-0.0366,-0.7649,137.79,144.84,-94.47,
1704802240.3770077,,,,,,,,,,,,,,,0.01398
1704802240.3829956,0.08370000000000001,0.5917,-0.5482,0.5849,28.93,1.85,-128.23,,,,,,,,
1704802240.3829956,,,,,,,,0.6675,0.041,-0.0436,-0.7421,108.32000000000001,170.55,-95.39,
1704802240.468008,,,,,,,,,,,,,,,-0.00498
1704802240.4819715,0.08370000000000001,0.5917,-0.5482,0.5849,28.94,1.84,-128.23,,,,,,,,
1704802240.4819715,,,,,,,,0.7126,0.0431,-0.0468,-0.6985,73.36,188.39000000000001,-99.17,
1704802240.5578399,,,,,,,,,,,,,,,-0.01698
1704802240.5648205,0.0838,0.5918,-0.5481,0.5850000000000001,28.94,1.83,-128.25,,,,,,,,
1704802240.5648205,,,,,,,,0.7378,0.0364,-0.0757,-0.6696000000000001,46.08,200.88,-108.25,
1704802240.6482313,,,,,,,,,,,,,,,-0.02799
1704802240.666183,0.0838,0.5918,-0.548,0.5850000000000001,28.95,1.82,-128.26,,,,,,,,
1704802240.666183,,,,,,,,0.7793,0.0199,-0.07060000000000001,-0.6222,10.8,202.88,-117.45,
1704802240.7414944,,,,,,,,,,,,,,,-0.019102
1704802240.7475138,0.0839,0.5918,-0.548,0.5850000000000001,28.95,1.82,-128.26,,,,,,,,
1704802240.7475138,,,,,,,,0.8093,0.0092,-0.06620000000000001,-0.5834,-16.09,198.0,-125.27,
1704802240.8318012,,,,,,,,,,,,,,,0.0361
1704802240.8487577,0.0839,0.5919,-0.548,0.5850000000000001,28.95,1.82,-128.26,,,,,,,,
1704802240.8487577,,,,,,,,0.8368,0.0211,-0.0775,-0.5415,-53.04,182.0,-133.2,
1704802240.9220777,,,,,,,,,,,,,,,0.04899
1704802240.9320564,0.0839,0.5919,-0.548,0.5850000000000001,28.96,1.82,-128.26,,,,,,,,
1704802240.9320564,,,,,,,,0.8759,0.016,-0.0755,-0.4761,-85.29,157.99,-136.23,
1704802241.011907,,,,,,,,,,,,,,,0.0411
1704802241.0336637,0.0839,0.5918,-0.548,0.5850000000000001,28.96,1.82,-128.26,,,,,,,,
1704802241.0336637,,,,,,,,0.8921,0.0227,-0.0781,-0.44430000000000003,-112.82000000000001,125.46000000000001,-135.47,
1704802241.1020038,,,,,,,,,,,,,,,0.05299
1704802241.115516,0.0839,0.5918,-0.548,0.5850000000000001,28.95,1.82,-128.26,,,,,,,,
1704802241.115516,,,,,,,,0.9079,0.023100000000000002,-0.0814,-0.4103,-131.03,96.57000000000001,-134.67000000000002,
1704802241.196301,,,,,,,,,,,,,,,0.0441
1704802241.2147975,0.0839,0.5918,-0.548,0.5850000000000001,28.95,1.82,-128.25,,,,,,,,
1704802241.2147975,,,,,,,,0.9087000000000001,0.058100000000000006,-0.077,-0.40590000000000004,-147.09,57.22,-132.02,
1704802241.2866094,,,,,,,,,,,,,,,0.0541
1704802241.2975786,0.0839,0.5918,-0.548,0.5850000000000001,28.95,1.82,-128.25,,,,,,,,
1704802241.2975786,,,,,,,,0.9044000000000001,0.09680000000000001,-0.0818,-0.4072,-156.97,23.330000000000002,-131.18,
1704802241.3769197,,,,,,,,,,,,,,,0.0621
1704802241.3819423,0.0839,0.5918,-0.548,0.5850000000000001,28.95,1.82,-128.26,,,,,,,,
1704802241.3819423,,,,,,,,0.901,0.13040000000000002,-0.0792,-0.406,-164.99,-22.12,-132.16,
1704802241.467245,,,,,,,,,,,,,,,0.069101
1704802241.482208,0.0838,0.5918,-0.548,0.5850000000000001,28.95,1.82,-128.25,,,,,,,,
1704802241.482208,,,,,,,,0.9054000000000001,0.1346,-0.0673,-0.39680000000000004,-161.72,-63.08,-129.86,
1704802241.5565836,,,,,,,,,,,,,,,0.09099
1704802241.5655298,0.0838,0.5918,-0.5481,0.5850000000000001,28.95,1.82,-128.25,,,,,,,,
1704802241.5655298,,,,,,,,0.9004000000000001,0.1005,-0.038,-0.4214,-153.53,-88.56,-131.56,
1704802241.64687,,,,,,,,,,,,,,,0.07599
1704802241.6647906,0.0838,0.5918,-0.5481,0.5850000000000001,28.95,1.82,-128.25,,,,,,,,
1704802241.6647906,,,,,,,,0.8817,0.132,-0.0181,-0.4525,-136.44,-124.96000000000001,-130.32,
1704802241.737143,,,,,,,,,,,,,,,0.062101
1704802241.7481182,0.0838,0.5918,-0.548,0.5850000000000001,28.95,1.82,-128.26,,,,,,,,
1704802241.7481182,,,,,,,,0.8687,0.13190000000000002,-0.0354,-0.47600000000000003,-119.47,-142.38,-130.22,
1704802241.8275223,,,,,,,,,,,,,,,0.08599
1704802241.8314831,0.0838,0.5918,-0.548,0.5850000000000001,28.95,1.82,-128.26,,,,,,,,
1704802241.8314831,,,,,,,,0.8476,0.15960000000000002,-0.022500000000000003,-0.5054000000000001,-86.09,-163.16,-122.38,
1704802241.9178798,,,,,,,,,,,,,,,0.07196
1704802241.9308038,0.0838,0.5918,-0.548,0.5850000000000001,28.95,1.82,-128.26,,,,,,,,
1704802241.9308038,,,,,,,,0.8317,0.1502,-0.008700000000000001,-0.5344,-44.17,-173.26,-110.92,
1704802242.0114415,,,,,,,,,,,,,,,0.01099
1704802242.030931,0.0838,0.5918,-0.548,0.5850000000000001,28.95,1.82,-128.26,,,,,,,,
1704802242.030931,,,,,,,,0.8002,0.1495,0.0063,-0.5806,8.15,-170.48,-99.73,
1704802242.1017747,,,,,,,,,,,,,,,0.011102
1704802242.114747,0.0838,0.5918,-0.548,0.5850000000000001,28.95,1.83,-128.26,,,,,,,,
1704802242.114747,,,,,,,,nan,nan,nan,nan,nan,nan,nan,
1704802242.1922112,,,,,,,,,,,,,,,0.06099
1704802242.197198,0.0838,0.5918,-0.548,0.5850000000000001,28.95,1.83,-128.25,,,,,,,,
1704802242.197198,,,,,,,,nan,nan,nan,nan,nan,nan,nan,
1704802242.28246,,,,,,,,,,,,,,,0.0511
1704802242.2983854,0.0839,0.5918,-0.548,0.5850000000000001,28.95,1.82,-128.25,,,,,,,,
1704802242.2983854,,,,,,,,nan,nan,nan,nan,nan,nan,nan,
1704802242.3718538,,,,,,,,,,,,,,,0.06097
1704802242.380799,0.0838,0.5918,-0.548,0.5850000000000001,28.95,1.82,-128.26,,,,,,,,
1704802242.380799,,,,,,,,nan,nan,nan,nan,nan,nan,nan,
1704802242.466235,,,,,,,,,,,,,,,0.018101
1704802242.481154,0.0838,0.5918,-0.548,0.5850000000000001,28.95,1.82,-128.26,,,,,,,,
1704802242.481154,,,,,,,,nan,nan,nan,nan,nan,nan,nan,
1704802242.5559242,,,,,,,,,,,,,,,0.049102
1704802242.5648615,0.0838,0.5918,-0.548,0.5850000000000001,28.95,1.82,-128.26,,,,,,,,
1704802242.5648615,,,,,,,,0.6773,0.053500000000000006,-0.025400000000000002,-0.7333000000000001,157.9,-55.11,-74.64,
1704802242.6463337,,,,,,,,,,,,,,,0.09199
1704802242.6632888,0.0838,0.5918,-0.548,0.5850000000000001,28.95,1.83,-128.26,,,,,,,,
1704802242.6632888,,,,,,,,0.6948000000000001,0.044500000000000005,-0.0729,-0.7140000000000001,173.66,-28.38,-80.59,
1704802242.7366347,,,,,,,,,,,,,,,0.07599
1704802242.7466085,0.0838,0.5918,-0.548,0.5850000000000001,28.95,1.83,-128.26,,,,,,,,
1704802242.7466085,,,,,,,,0.6772,0.0309,-0.0651,-0.7321000000000001,181.41,-11.290000000000001,-86.15,
1704802242.8266838,,,,,,,,,,,,,,,0.0631
1704802242.8306735,0.0839,0.5919,-0.548,0.5850000000000001,28.95,1.83,-128.26,,,,,,,,
1704802242.8306735,,,,,,,,0.6326,0.0171,-0.0528,-0.7724000000000001,186.99,9.94,-91.53,
1704802242.917444,,,,,,,,,,,,,,,0.0691
1704802242.9309564,0.0839,0.5919,-0.5479,0.5850000000000001,28.95,1.84,-128.26,,,,,,,,
1704802242.9309564,,,,,,,,0.6363,0.009600000000000001,-0.0528,-0.7695000000000001,187.85,32.64,-93.11,
1704802243.0108166,,,,,,,,,,,,,,,0.074141
1704802243.0303233,0.0839,0.5919,-0.5479,0.5850000000000001,28.95,1.83,-128.26,,,,,,,,
1704802243.0303233,,,,,,,,0.6465000000000001,0.0067,-0.050800000000000005,-0.7611,185.21,50.44,-92.02,
1704802243.097182,,,,,,,,,,,,,,,0.74599
1704802243.1131382,0.0839,0.5919,-0.5479,0.5850000000000001,28.95,1.83,-128.26,,,,,,,,
1704802243.1131382,,,,,,,,0.6618,0.011300000000000001,-0.0541,-0.7475,176.87,75.13,-90.7,
1704802243.1915538,,,,,,,,,,,,,,,0.5981
1704802243.1964989,0.0839,0.5919,-0.548,0.5850000000000001,28.95,1.83,-128.26,,,,,,,,
1704802243.1964989,,,,,,,,0.6003000000000001,0.0082,-0.0349,-0.7988000000000001,170.44,94.44,-95.29,
1704802243.2818022,,,,,,,,,,,,,,,0.498101
1704802243.2967463,0.0838,0.5918,-0.5481,0.5850000000000001,28.95,1.83,-128.25,,,,,,,,
1704802243.2967463,,,,,,,,0.6473,0.031100000000000003,-0.061700000000000005,-0.759,152.64000000000001,120.09,-94.8,
1704802243.3715405,,,,,,,,,,,,,,,0.433101
1704802243.3804798,0.08370000000000001,0.5917,-0.5482,0.5849,28.94,1.84,-128.24,,,,,,,,
1704802243.3804798,,,,,,,,0.6594,0.0425,-0.0839,-0.7458,136.16,140.17000000000002,-96.74000000000001,
1704802243.461813,,,,,,,,,,,,,,,0.38299
1704802243.4807196,0.08370000000000001,0.5917,-0.5483,0.5849,28.93,1.84,-128.23,,,,,,,,
1704802243.4807196,,,,,,,,0.6653,0.0471,-0.09290000000000001,-0.7391000000000001,107.82000000000001,165.86,-98.46000000000001,
1704802243.5519428,,,,,,,,,,,,,,,0.308101
1704802243.5639122,0.08370000000000001,0.5917,-0.5482,0.5850000000000001,28.94,1.83,-128.24,,,,,,,,
1704802243.5639122,,,,,,,,0.6982,0.030100000000000002,-0.1073,-0.7070000000000001,87.60000000000001,181.5,-100.60000000000001,
1704802243.6461976,,,,,,,,,,,,,,,0.2821
1704802243.6631525,0.0838,0.5918,-0.5481,0.5850000000000001,28.94,1.83,-128.25,,,,,,,,
1704802243.6631525,,,,,,,,0.7200000000000001,0.0358,-0.1075,-0.6845,63.04,194.99,-101.86,
1704802243.7360942,,,,,,,,,,,,,,,0.24499
1704802243.7470756,0.0838,0.5918,-0.5481,0.5850000000000001,28.94,1.83,-128.26,,,,,,,,
1704802243.7470756,,,,,,,,0.7355,0.0436,-0.113,-0.6665,44.63,201.52,-103.22,
1704802243.8263943,,,,,,,,,,,,,,,0.19899
1704802243.830388,0.0839,0.5918,-0.548,0.5850000000000001,28.95,1.83,-128.26,,,,,,,,
1704802243.830388,,,,,,,,0.7531,0.0396,-0.117,-0.6461,21.16,208.38,-106.26,
1704802243.9161572,,,,,,,,,,,,,,,0.1611
1704802243.9306767,0.0839,0.5918,-0.548,0.5850000000000001,28.95,1.82,-128.26,,,,,,,,
1704802243.9306767,,,,,,,,0.7757000000000001,0.0453,-0.11120000000000001,-0.6195,-4.93,208.38,-105.79,
1704802244.0064657,,,,,,,,,,,,,,,0.1481
1704802244.0134501,0.0839,0.5918,-0.548,0.5850000000000001,28.96,1.82,-128.25,,,,,,,,
1704802244.0134501,,,,,,,,0.7983,0.0545,-0.1182,-0.5879,-28.44,203.14000000000001,-107.01,
1704802244.096735,,,,,,,,,,,,,,,0.137101
1704802244.113731,0.0839,0.5918,-0.548,0.5850000000000001,28.96,1.81,-128.26,,,,,,,,
1704802244.113731,,,,,,,,0.8311000000000001,0.0786,-0.1189,-0.5375,-60.6,190.96,-106.87,
1704802244.1869652,,,,,,,,,,,,,,,0.14597
1704802244.19594,0.0839,0.5918,-0.548,0.5850000000000001,28.96,1.81,-128.25,,,,,,,,
1704802244.19594,,,,,,,,0.8400000000000001,0.0821,-0.1135,-0.524,-77.2,180.44,-107.28,
1704802244.2763712,,,,,,,,,,,,,,,0.08699
1704802244.2972858,0.0839,0.5918,-0.548,0.5850000000000001,28.96,1.81,-128.25,,,,,,,,
1704802244.2972858,,,,,,,,0.8473,0.0915,-0.1096,-0.5114000000000001,-95.55,162.17000000000002,-111.81,
1704802244.3708084,,,,,,,,,,,,,,,0.07198
1704802244.3797429,0.13970000000000002,0.5700000000000001,-0.5702,0.5747,23.66,-4.03,-128.98,,,,,,,,
1704802244.3797429,,,,,,,,0.8631000000000001,0.1004,-0.1039,-0.4837,-111.64,139.24,-115.15,
1704802244.461079,,,,,,,,,,,,,,,0.04498
1704802244.4800303,0.1822,0.5254,-0.6093000000000001,0.5650000000000001,16.7,-14.32,-128.5,,,,,,,,
1704802244.4800303,,,,,,,,0.8745,0.10110000000000001,-0.10690000000000001,-0.46190000000000003,-123.81,117.34,-114.66,
1704802244.5514536,,,,,,,,,,,,,,,0.0211
1704802244.5633826,0.21530000000000002,0.49460000000000004,-0.627,0.5619000000000001,12.27,-21.19,-127.59,,,,,,,,
1704802244.5633826,,,,,,,,0.8868,0.0918,-0.0896,-0.44380000000000003,-129.81,101.33,-113.96000000000001,
1704802244.6408038,,,,,,,,,,,,,,,0.036102
1704802244.64579,0.14830000000000002,0.5372,-0.6017,0.5719000000000001,19.73,-15.75,-128.31,,,,,,,,
1704802244.64579,,,,,,,,0.8948,0.0911,-0.0889,-0.4277,-136.26,86.39,-115.02,
1704802244.7308693,,,,,,,,,,,,,,,0.0801
1704802244.7468266,0.0898,0.5786,-0.5557,0.5900000000000001,28.47,-7.82,-127.10000000000001,,,,,,,,
1704802244.7468266,,,,,,,,0.8958,0.0976,-0.07690000000000001,-0.42650000000000005,-142.33,62.5,-115.94,
1704802244.8211124,,,,,,,,,,,,,,,0.08396
1704802244.8306274,0.1091,0.5681,-0.5625,0.5906,26.54,-10.16,-126.76,,,,,,,,
1704802244.8306274,,,,,,,,0.9025000000000001,0.0944,-0.0601,-0.4157,-146.70000000000002,36.59,-113.75,
1704802244.9153998,,,,,,,,,,,,,,,0.02097
1704802244.929915,0.10790000000000001,0.5700000000000001,-0.5638000000000001,0.5877,26.52,-9.96,-127.22,,,,,,,,
1704802244.929915,,,,,,,,0.9115000000000001,0.07010000000000001,-0.044500000000000005,-0.4026,-148.27,15.91,-112.86,
1704802245.0057094,,,,,,,,,,,,,,,-0.0141
1704802245.012693,0.1066,0.5697,-0.5629000000000001,0.5890000000000001,26.68,-9.89,-127.04,,,,,,,,
1704802245.012693,,,,,,,,0.9154,0.048400000000000006,-0.0325,-0.3981,-145.18,6.19,-112.56,
1704802245.0960598,,,,,,,,,,,,,,,0.00898
1704802245.1130168,0.10650000000000001,0.5700000000000001,-0.5628000000000001,0.5889,26.69,-9.870000000000001,-127.06,,,,,,,,
1704802245.1130168,,,,,,,,0.9193,0.0207,-0.028200000000000003,-0.39180000000000004,-141.32,0.37,-114.65,
1704802245.1863408,,,,,,,,,,,,,,,-0.0071
1704802245.1953034,0.10590000000000001,0.5704,-0.5633,0.5881000000000001,26.71,-9.8,-127.17,,,,,,,,
1704802245.1953034,,,,,,,,0.9201,0.0204,-0.0269,-0.3899,-140.35,-4.8100000000000005,-115.42,
1704802245.2757268,,,,,,,,,,,,,,,0.01395
1704802245.29564,0.10650000000000001,0.5699000000000001,-0.5629000000000001,0.5890000000000001,26.69,-9.89,-127.04,,,,,,,,
1704802245.29564,,,,,,,,0.9202,0.0584,-0.031200000000000002,-0.38570000000000004,-142.69,-18.66,-112.33,
1704802245.3660452,,,,,,,,,,,,,,,-0.05298
1704802245.3799703,0.10590000000000001,0.5704,-0.5635,0.5880000000000001,26.68,-9.81,-127.16,,,,,,,,
1704802245.3799703,,,,,,,,0.9196000000000001,0.06770000000000001,-0.0284,-0.38580000000000003,-143.02,-33.09,-108.96000000000001,
1704802245.4603338,,,,,,,,,,,,,,,-0.0551
1704802245.4792423,0.10600000000000001,0.5703,-0.5634,0.5881000000000001,26.68,-9.82,-127.15,,,,,,,,
1704802245.4792423,,,,,,,,0.9226000000000001,0.0853,-0.031100000000000003,-0.3748,-145.9,-54.26,-106.71000000000001,
1704802245.550686,,,,,,,,,,,,,,,-0.025101
1704802245.5626159,0.1063,0.5701,-0.5633,0.5884,26.66,-9.85,-127.14,,,,,,,,
1704802245.5626159,,,,,,,,0.9232,0.1075,-0.0356,-0.367,-147.94,-72.77,-104.69,
1704802245.6410396,,,,,,,,,,,,,,,0.0151
1704802245.6460266,0.10600000000000001,0.5702,-0.5634,0.5882000000000001,26.71,-9.99,-127.14,,,,,,,,
1704802245.6460266,,,,,,,,0.9228000000000001,0.12480000000000001,-0.0395,-0.3622,-148.57,-91.37,-103.78,
1704802245.7303867,,,,,,,,,,,,,,,0.031101
1704802245.7453072,0.10640000000000001,0.5704,-0.5630000000000001,0.5884,26.72,-10.0,-127.13000000000001,,,,,,,,
1704802245.7453072,,,,,,,,0.9232,0.1351,-0.038400000000000004,-0.35760000000000003,-146.3,-115.75,-103.36,
1704802245.8211827,,,,,,,,,,,,,,,0.0601
1704802245.8296714,0.1061,0.5704,-0.5632,0.5882000000000001,26.69,-9.84,-127.17,,,,,,,,
1704802245.8296714,,,,,,,,0.9202,0.149,-0.0347,-0.36010000000000003,-139.59,-137.66,-102.10000000000001,
1704802245.910486,,,,,,,,,,,,,,,0.0671
1704802245.9289927,0.1062,0.5703,-0.5632,0.5883,26.69,-9.85,-127.16,,,,,,,,
1704802245.9289927,,,,,,,,0.9155000000000001,0.1666,-0.0375,-0.364,-130.56,-156.53,-102.13,
1704802246.000801,,,,,,,,,,,,,,,0.07298
1704802246.011773,0.1061,0.5703,-0.5633,0.5883,26.7,-9.85,-127.17,,,,,,,,
1704802246.011773,,,,,,,,0.9075000000000001,0.1764,-0.0475,-0.3779,-121.74000000000001,-166.14000000000001,-103.26,
1704802246.0954692,,,,,,,,,,,,,,,0.0441
1704802246.112435,0.1061,0.5703,-0.5633,0.5882000000000001,26.7,-9.85,-127.17,,,,,,,,
1704802246.112435,,,,,,,,0.8972,0.19010000000000002,-0.0414,-0.39630000000000004,-104.07000000000001,-177.0,-104.99000000000001,
1704802246.185138,,,,,,,,,,,,,,,0.05496
1704802246.1960778,0.1061,0.5703,-0.5633,0.5882000000000001,26.7,-9.85,-127.17,,,,,,,,
1704802246.1960778,,,,,,,,0.8859,0.19490000000000002,-0.043000000000000003,-0.41850000000000004,-87.29,-179.86,-105.10000000000001,
1704802246.2754788,,,,,,,,,,,,,,,-0.00399
1704802246.279434,0.1061,0.5704,-0.5632,0.5882000000000001,26.7,-9.83,-127.17,,,,,,,,
1704802246.279434,,,,,,,,0.8853000000000001,0.18130000000000002,-0.0297,-0.4269,-60.28,-180.21,-101.25,
1704802246.365821,,,,,,,,,,,,,,,0.0011
1704802246.3787458,0.1061,0.5704,-0.5632,0.5882000000000001,26.7,-9.83,-127.17,,,,,,,,
1704802246.3787458,,,,,,,,0.8654000000000001,0.1852,-0.0337,-0.4641,-40.050000000000004,-175.8,-94.56,
1704802246.4560876,,,,,,,,,,,,,,,0.01999
1704802246.4620404,0.1061,0.5704,-0.5632,0.5882000000000001,26.7,-9.83,-127.17,,,,,,,,
1704802246.4620404,,,,,,,,0.8461000000000001,0.18730000000000002,-0.0351,-0.49760000000000004,-10.5,-158.45000000000002,-80.16,
1704802246.5453348,,,,,,,,,,,,,,,0.01898
1704802246.5622902,0.1061,0.5704,-0.5632,0.5882000000000001,26.7,-9.83,-127.18,,,,,,,,
1704802246.5622902,,,,,,,,nan,nan,nan,nan,nan,nan,nan,
1704802246.6359456,,,,,,,,,,,,,,,0.00199
1704802246.644954,0.1061,0.5704,-0.5632,0.5882000000000001,26.69,-9.83,-127.17,,,,,,,,
1704802246.644954,,,,,,,,0.8045,0.15130000000000002,-0.021500000000000002,-0.5738,39.410000000000004,-117.68,-73.35000000000001,
1704802246.7298756,,,,,,,,,,,,,,,0.00399
1704802246.7458026,0.1061,0.5705,-0.5632,0.5882000000000001,26.69,-9.83,-127.17,,,,,,,,
1704802246.7458026,,,,,,,,nan,nan,nan,nan,nan,nan,nan,
1704802246.8197956,,,,,,,,,,,,,,,0.005101
1704802246.8293169,0.1061,0.5705,-0.5632,0.5882000000000001,26.69,-9.83,-127.17,,,,,,,,
1704802246.8293169,,,,,,,,0.7659,0.124,-0.0323,-0.6299,79.52,-72.87,-81.47,
1704802246.9101295,,,,,,,,,,,,,,,0.0391
1704802246.928056,0.10600000000000001,0.5705,-0.5632,0.5882000000000001,26.7,-9.83,-127.17,,,,,,,,
1704802246.928056,,,,,,,,0.7519,0.10200000000000001,-0.0451,-0.6496000000000001,94.06,-54.81,-84.41,
1704802247.0000832,,,,,,,,,,,,,,,0.05099
1704802247.0120518,0.10600000000000001,0.5705,-0.5632,0.5882000000000001,26.7,-9.82,-127.18,,,,,,,,
1704802247.0120518,,,,,,,,0.7383000000000001,0.0921,-0.0477,-0.6664,105.18,-34.160000000000004,-87.91,
1704802247.0909286,,,,,,,,,,,,,,,0.04398
1704802247.094869,0.10600000000000001,0.5705,-0.5632,0.5882000000000001,26.7,-9.82,-127.18,,,,,,,,
1704802247.094869,,,,,,,,0.7349,0.0917,-0.0546,-0.6696000000000001,108.38,-19.490000000000002,-89.98,
1704802247.1841502,,,,,,,,,,,,,,,0.021101
1704802247.1951237,0.10600000000000001,0.5705,-0.5632,0.5882000000000001,26.7,-9.82,-127.19,,,,,,,,
1704802247.1951237,,,,,,,,0.7413000000000001,0.0859,-0.0604,-0.6628000000000001,109.26,0.0,-91.92,
1704802247.2704494,,,,,,,,,,,,,,,0.05298
1704802247.278427,0.10600000000000001,0.5706,-0.5631,0.5881000000000001,26.7,-9.82,-127.19,,,,,,,,
1704802247.278427,,,,,,,,0.6951,0.1009,-0.057800000000000004,-0.7093,107.95,19.63,-92.29,
1704802247.3647208,,,,,,,,,,,,,,,0.02897
1704802247.3786824,0.10600000000000001,0.5706,-0.5631,0.5881000000000001,26.7,-9.81,-127.2,,,,,,,,
1704802247.3786824,,,,,,,,0.5986,0.13720000000000002,-0.048600000000000004,-0.7876000000000001,109.17,45.65,-94.07000000000001,
1704802247.4551818,,,,,,,,,,,,,,,-0.00899
1704802247.4621391,0.1061,0.5706,-0.5631,0.5881000000000001,26.69,-9.81,-127.2,,,,,,,,
1704802247.4621391,,,,,,,,0.7058,0.07100000000000001,-0.0531,-0.7027,105.62,61.230000000000004,-91.93,
1704802247.5455525,,,,,,,,,,,,,,,-0.00398
1704802247.5614688,0.10600000000000001,0.5706,-0.5632,0.5881000000000001,26.69,-9.82,-127.19,,,,,,,,
1704802247.5614688,,,,,,,,0.6984,0.0695,-0.0465,-0.7107,106.96000000000001,84.42,-92.54,
1704802247.635642,,,,,,,,,,,,,,,-0.0161
1704802247.6445775,0.10600000000000001,0.5706,-0.5632,0.5881000000000001,26.69,-9.82,-127.19,,,,,,,,
1704802247.6445775,,,,,,,,0.7067,0.0649,-0.0419,-0.7031000000000001,106.7,102.73,-94.68,
1704802247.7254508,,,,,,,,,,,,,,,0.00699
1704802247.7455213,0.10600000000000001,0.5705,-0.5632,0.5881000000000001,26.7,-9.82,-127.18,,,,,,,,
1704802247.7455213,,,,,,,,0.7073,0.0675,-0.056,-0.7013,98.96000000000001,127.17,-97.77,
1704802247.815888,,,,,,,,,,,,,,,0.00798
1704802247.827856,0.10600000000000001,0.5705,-0.5633,0.5881000000000001,26.69,-9.82,-127.18,,,,,,,,
1704802247.827856,,,,,,,,0.7002,0.0801,-0.0707,-0.7058,82.92,147.87,-100.7,
1704802247.9091902,,,,,,,,,,,,,,,-0.0081
1704802247.9281394,0.10600000000000001,0.5705,-0.5632,0.5881000000000001,26.69,-9.82,-127.19,,,,,,,,
1704802247.9281394,,,,,,,,0.7411,0.0674,-0.0732,-0.6639,60.410000000000004,163.54,-104.98,
1704802247.9994645,,,,,,,,,,,,,,,0.01399
1704802248.011433,0.10600000000000001,0.5705,-0.5632,0.5881000000000001,26.7,-9.82,-127.19,,,,,,,,
1704802248.011433,,,,,,,,0.7651,0.08080000000000001,-0.07390000000000001,-0.6344000000000001,35.71,167.79,-109.32000000000001,
1704802248.0898027,,,,,,,,,,,,,,,0.013103
1704802248.093747,0.10600000000000001,0.5706,-0.5632,0.5881000000000001,26.7,-9.82,-127.2,,,,,,,,
1704802248.093747,,,,,,,,0.7738,0.083,-0.057800000000000004,-0.6252,13.83,167.94,-115.16,
1704802248.1801076,,,,,,,,,,,,,,,0.078101
1704802248.1950274,0.10600000000000001,0.5706,-0.5632,0.5881000000000001,26.71,-9.82,-127.19,,,,,,,,
1704802248.1950274,,,,,,,,0.7962,0.09430000000000001,-0.0426,-0.5959,-16.21,157.38,-122.02,
1704802248.2704182,,,,,,,,,,,,,,,0.09799
1704802248.2783632,0.10600000000000001,0.5706,-0.5632,0.5881000000000001,26.71,-9.82,-127.19,,,,,,,,
1704802248.2783632,,,,,,,,0.8303,0.0979,-0.044500000000000005,-0.5468000000000001,-42.86,140.86,-128.01,
1704802248.360672,,,,,,,,,,,,,,,0.08197
1704802248.3786259,0.10600000000000001,0.5706,-0.5632,0.5881000000000001,26.71,-9.82,-127.19,,,,,,,,
1704802248.3786259,,,,,,,,0.8532000000000001,0.10400000000000001,-0.0245,-0.5104000000000001,-61.49,117.89,-131.33,
1704802248.4539716,,,,,,,,,,,,,,,0.035101
1704802248.461924,0.10600000000000001,0.5705,-0.5632,0.5881000000000001,26.71,-9.82,-127.19,,,,,,,,
1704802248.461924,,,,,,,,0.8524,0.09730000000000001,-0.0076,-0.5135000000000001,-73.62,101.16,-132.88,
1704802248.5442772,,,,,,,,,,,,,,,0.06398
1704802248.560236,0.10590000000000001,0.5705,-0.5633,0.5881000000000001,26.71,-9.82,-127.19,,,,,,,,
1704802248.560236,,,,,,,,nan,nan,nan,nan,nan,nan,nan,
1704802248.6346374,,,,,,,,,,,,,,,0.037101
1704802248.6456144,0.10590000000000001,0.5705,-0.5633,0.5881000000000001,26.7,-9.82,-127.19,,,,,,,,
1704802248.6456144,,,,,,,,0.8746,0.0961,0.006500000000000001,-0.4751,-95.91,65.5,-132.89000000000001,
1704802248.7244003,,,,,,,,,,,,,,,0.06598
1704802248.7448556,0.10590000000000001,0.5705,-0.5633,0.5881000000000001,26.7,-9.81,-127.19,,,,,,,,
1704802248.7448556,,,,,,,,0.8884000000000001,0.10070000000000001,0.0033,-0.44780000000000003,-106.22,43.03,-132.4,
1704802248.814668,,,,,,,,,,,,,,,0.038101
1704802248.8286347,0.10590000000000001,0.5705,-0.5633,0.5880000000000001,26.7,-9.81,-127.19,,,,,,,,
1704802248.8286347,,,,,,,,0.8933000000000001,0.1208,0.00030000000000000003,-0.4328,-117.91,12.68,-128.13,
1704802248.9049342,,,,,,,,,,,,,,,0.06698
1704802248.9119253,0.10590000000000001,0.5705,-0.5633,0.5881000000000001,26.7,-9.81,-127.19,,,,,,,,
1704802248.9119253,,,,,,,,0.8968,0.11570000000000001,-0.0017000000000000001,-0.4269,-123.54,-7.87,-124.66,
1704802248.9991908,,,,,,,,,,,,,,,0.039101
1704802249.0111597,0.10590000000000001,0.5705,-0.5633,0.5880000000000001,26.69,-9.81,-127.19,,,,,,,,
1704802249.0111597,,,,,,,,0.8978,0.13970000000000002,-0.0039000000000000003,-0.4174,-129.93,-39.88,-120.5,
1704802249.0893323,,,,,,,,,,,,,,,0.06699
1704802249.0933225,0.1058,0.5705,-0.5634,0.5880000000000001,26.69,-9.8,-127.18,,,,,,,,
1704802249.0933225,,,,,,,,0.897,0.1516,0.0025,-0.41500000000000004,-129.16,-63.5,-117.0,
1704802249.179598,,,,,,,,,,,,,,,0.056101
1704802249.1957226,0.10590000000000001,0.5705,-0.5633,0.5880000000000001,26.69,-9.8,-127.19,,,,,,,,
1704802249.1957226,,,,,,,,0.8872,0.1889,0.0154,-0.42050000000000004,-121.74000000000001,-96.67,-113.46000000000001,
1704802249.2698646,,,,,,,,,,,,,,,0.0801
1704802249.2770312,0.10600000000000001,0.5706,-0.5633,0.5880000000000001,26.7,-9.81,-127.2,,,,,,,,
1704802249.2770312,,,,,,,,0.8768,0.19440000000000002,0.051300000000000005,-0.43660000000000004,-99.76,-123.13000000000001,-110.71000000000001,
1704802249.3594487,,,,,,,,,,,,,,,0.08398
1704802249.3774025,0.10590000000000001,0.5705,-0.5633,0.5881000000000001,26.7,-9.81,-127.2,,,,,,,,
1704802249.3774025,,,,,,,,0.8581000000000001,0.1988,0.1012,-0.46230000000000004,-69.87,-146.0,-107.0,
1704802249.4491115,,,,,,,,,,,,,,,0.05298
1704802249.461085,0.10590000000000001,0.5705,-0.5633,0.5880000000000001,26.7,-9.81,-127.21000000000001,,,,,,,,
1704802249.461085,,,,,,,,0.8373,0.18960000000000002,0.1076,-0.5012,-48.22,-154.96,-103.84,
1704802249.539538,,,,,,,,,,,,,,,0.02898
1704802249.5434828,0.10590000000000001,0.5705,-0.5633,0.5880000000000001,26.7,-9.81,-127.21000000000001,,,,,,,,
1704802249.5434828,,,,,,,,0.8340000000000001,0.162,0.1163,-0.5142,-17.6,-150.61,-104.45,
1704802249.6339154,,,,,,,,,,,,,,,0.009101
1704802249.6438475,0.10590000000000001,0.5706,-0.5633,0.5880000000000001,26.7,-9.81,-127.2,,,,,,,,
1704802249.6438475,,,,,,,,0.7877000000000001,0.1691,0.1323,-0.5773,22.07,-146.3,-102.29,
1704802249.7237215,,,,,,,,,,,,,,,0.04297
1704802249.743245,0.10590000000000001,0.5705,-0.5633,0.5881000000000001,26.7,-9.81,-127.2,,,,,,,,
1704802249.743245,,,,,,,,0.7404000000000001,0.1701,0.14400000000000002,-0.634,51.550000000000004,-131.7,-99.60000000000001,
1704802249.8140242,,,,,,,,,,,,,,,0.0041
1704802249.8269916,0.10590000000000001,0.5706,-0.5633,0.5880000000000001,26.7,-9.81,-127.2,,,,,,,,
1704802249.8269916,,,,,,,,0.7081000000000001,0.16690000000000002,0.1459,-0.6702,80.60000000000001,-110.39,-96.27,
1704802249.9043608,,,,,,,,,,,,,,,0.02213
1704802249.9113138,0.10600000000000001,0.5706,-0.5632,0.5880000000000001,26.7,-9.81,-127.21000000000001,,,,,,,,
1704802249.9113138,,,,,,,,0.6775,0.171,0.1467,-0.7001000000000001,103.44,-91.05,-92.81,
1704802249.9946399,,,,,,,,,,,,,,,0.5241
1704802250.0115976,0.10590000000000001,0.5706,-0.5633,0.5880000000000001,26.7,-9.81,-127.21000000000001,,,,,,,,
1704802250.0115976,,,,,,,,0.6456000000000001,0.1535,0.1515,-0.7324,131.03,-60.120000000000005,-90.39,
1704802250.084915,,,,,,,,,,,,,,,0.43898
1704802250.0938911,0.10590000000000001,0.5706,-0.5633,0.5880000000000001,26.7,-9.82,-127.21000000000001,,,,,,,,
1704802250.0938911,,,,,,,,0.6377,0.15230000000000002,0.1414,-0.7416,144.94,-37.83,-87.41,
1704802250.1746345,,,,,,,,,,,,,,,0.33797
1704802250.194616,0.10590000000000001,0.5705,-0.5633,0.5880000000000001,26.7,-9.81,-127.2,,,,,,,,
1704802250.194616,,,,,,,,0.6362,0.1758,0.12840000000000001,-0.7401,156.27,-8.1,-83.68,
1704802250.268968,,,,,,,,,,,,,,,0.2401
1704802250.2769165,0.10590000000000001,0.5706,-0.5632,0.5880000000000001,26.7,-9.8,-127.21000000000001,,,,,,,,
1704802250.2769165,,,,,,,,nan,nan,nan,nan,nan,nan,nan,
1704802250.3587308,,,,,,,,,,,,,,,0.21199
1704802250.3776858,0.10590000000000001,0.5706,-0.5632,0.5880000000000001,26.7,-9.8,-127.21000000000001,,,,,,,,
1704802250.3776858,,,,,,,,0.5964,0.1199,0.138,-0.7815000000000001,166.73,64.79,-88.7,
1704802250.4490926,,,,,,,,,,,,,,,0.17197
1704802250.4600637,0.10590000000000001,0.5706,-0.5632,0.5880000000000001,26.7,-9.8,-127.21000000000001,,,,,,,,
1704802250.4600637,,,,,,,,0.6087,0.1077,0.1158,-0.7774000000000001,159.46,94.33,-92.22,
1704802250.5393581,,,,,,,,,,,,,,,0.10798
1704802250.5433495,0.10590000000000001,0.5706,-0.5633,0.5880000000000001,26.7,-9.81,-127.21000000000001,,,,,,,,
1704802250.5433495,,,,,,,,0.6373,0.1073,0.1078,-0.7554000000000001,145.18,119.57000000000001,-91.52,
1704802250.6292055,,,,,,,,,,,,,,,0.072101
1704802250.642756,0.1058,0.5705,-0.5634,0.5880000000000001,26.69,-9.8,-127.19,,,,,,,,
1704802250.642756,,,,,,,,0.6733,0.09280000000000001,0.0993,-0.7267,120.81,148.17000000000002,-89.36,
1704802250.7195435,,,,,,,,,,,,,,,0.09399
1704802250.727558,0.1058,0.5704,-0.5635,0.5880000000000001,26.69,-9.8,-127.18,,,,,,,,
1704802250.727558,,,,,,,,0.6906,0.0567,0.0671,-0.7178,88.19,169.96,-90.64,
1704802250.8098967,,,,,,,,,,,,,,,0.07799
1704802250.826886,0.1058,0.5705,-0.5634,0.5880000000000001,26.69,-9.8,-127.19,,,,,,,,
1704802250.826886,,,,,,,,0.7473000000000001,0.022500000000000003,0.028300000000000002,-0.6634,51.6,186.79,-100.14,
1704802250.9033077,,,,,,,,,,,,,,,0.06499
1704802250.9092603,0.10590000000000001,0.5705,-0.5633,0.5880000000000001,26.7,-9.81,-127.2,,,,,,,,
1704802250.9092603,,,,,,,,0.7797000000000001,0.0038,0.0064,-0.626,22.17,188.96,-108.71000000000001,
1704802250.993589,,,,,,,,,,,,,,,0.054101
1704802251.0105443,0.10590000000000001,0.5706,-0.5633,0.5880000000000001,26.7,-9.81,-127.21000000000001,,,,,,,,
1704802251.0105443,,,,,,,,0.8219000000000001,-0.0152,-0.0376,-0.5681,-19.19,181.99,-119.89,
1704802251.0839214,,,,,,,,,,,,,,,0.07898
1704802251.0928757,0.10590000000000001,0.5706,-0.5633,0.5880000000000001,26.7,-9.81,-127.2,,,,,,,,
1704802251.0928757,,,,,,,,0.8256,-0.008700000000000001,-0.0606,-0.5607,-47.0,168.44,-127.45,
1704802251.174258,,,,,,,,,,,,,,,0.0491
1704802251.1941938,0.10590000000000001,0.5706,-0.5633,0.5880000000000001,26.71,-9.81,-127.2,,,,,,,,
1704802251.1941938,,,,,,,,0.8667,-0.0073,-0.0531,-0.49570000000000003,-75.7,138.56,-133.5,
1704802251.2646263,,,,,,,,,,,,,,,0.058101
1704802251.276593,0.10590000000000001,0.5706,-0.5633,0.5880000000000001,26.71,-9.82,-127.2,,,,,,,,
1704802251.276593,,,,,,,,0.8912,0.0045000000000000005,-0.0487,-0.4509,-96.25,105.85000000000001,-139.21,
1704802251.3579943,,,,,,,,,,,,,,,0.082102
1704802251.376912,0.10590000000000001,0.5706,-0.5633,0.5880000000000001,26.71,-9.81,-127.21000000000001,,,,,,,,
1704802251.376912,,,,,,,,0.8951,0.016300000000000002,-0.044500000000000005,-0.4431,-110.35000000000001,75.78,-144.89000000000001,
1704802251.4440358,,,,,,,,,,,,,,,0.11797
1704802251.4599605,0.10590000000000001,0.5706,-0.5633,0.5880000000000001,26.71,-9.81,-127.21000000000001,,,,,,,,
1704802251.4599605,,,,,,,,0.9,0.0213,-0.058300000000000005,-0.4312,-120.81,53.71,-149.70000000000002,
1704802251.538208,,,,,,,,,,,,,,,0.06497
1704802251.5431967,0.10590000000000001,0.5706,-0.5633,0.5880000000000001,26.7,-9.81,-127.21000000000001,,,,,,,,
1704802251.5431967,,,,,,,,0.9063,0.026500000000000003,-0.0616,-0.4171,-130.62,25.830000000000002,-150.02,
1704802251.6290307,,,,,,,,,,,,,,,0.02199
1704802251.6425498,0.10590000000000001,0.5706,-0.5633,0.5880000000000001,26.7,-9.8,-127.21000000000001,,,,,,,,
1704802251.6425498,,,,,,,,0.9095000000000001,0.081,-0.046700000000000005,-0.4048,-140.47,-21.63,-140.64000000000001,
1704802251.718377,,,,,,,,,,,,,,,0.0191
1704802251.7263677,0.10590000000000001,0.5706,-0.5633,0.5880000000000001,26.7,-9.8,-127.21000000000001,,,,,,,,
1704802251.7263677,,,,,,,,0.912,0.1197,-0.0224,-0.3916,-144.5,-70.08,-133.26,
1704802251.8091877,,,,,,,,,,,,,,,0.03497
1704802251.8261435,0.1058,0.5706,-0.5633,0.5880000000000001,26.7,-9.81,-127.21000000000001,,,,,,,,
1704802251.8261435,,,,,,,,0.9076000000000001,0.1512,-0.00030000000000000003,-0.3915,-140.9,-119.2,-130.75,
1704802251.8984587,,,,,,,,,,,,,,,-0.00299
1704802251.9094312,0.1058,0.5705,-0.5633,0.5880000000000001,26.7,-9.81,-127.21000000000001,,,,,,,,
1704802251.9094312,,,,,,,,0.9003,0.1875,-0.0073,-0.3927,-135.06,-155.18,-132.93,
1704802251.9928007,,,,,,,,,,,,,,,0.0011
1704802252.0097547,0.10590000000000001,0.5706,-0.5633,0.5880000000000001,26.7,-9.81,-127.21000000000001,,,,,,,,
1704802252.0097547,,,,,,,,0.8862,0.2054,0.00030000000000000003,-0.4151,-109.84,-189.19,-133.69,
1704802252.083224,,,,,,,,,,,,,,,0.020103
1704802252.0931652,0.10590000000000001,0.5706,-0.5633,0.5880000000000001,26.71,-9.81,-127.21000000000001,,,,,,,,
1704802252.0931652,,,,,,,,0.8821,0.1694,0.0386,-0.43770000000000003,-74.05,-202.5,-125.7,
1704802252.1734962,,,,,,,,,,,,,,,0.08397
1704802252.1934454,0.10590000000000001,0.5706,-0.5633,0.5880000000000001,26.71,-9.81,-127.21000000000001,,,,,,,,
1704802252.1934454,,,,,,,,0.8574,0.1844,0.0632,-0.4762,-33.9,-222.61,-119.28,
1704802252.2638803,,,,,,,,,,,,,,,0.037101
1704802252.2768385,0.10590000000000001,0.5706,-0.5633,0.5880000000000001,26.7,-9.81,-127.21000000000001,,,,,,,,
1704802252.2768385,,,,,,,,0.8306,0.1864,0.0806,-0.5184,10.66,-227.25,-112.27,
1704802252.3533156,,,,,,,,,,,,,,,0.06599
1704802252.3592632,0.10590000000000001,0.5706,-0.5633,0.5880000000000001,26.7,-9.8,-127.21000000000001,,,,,,,,
1704802252.3592632,,,,,,,,0.8105,0.1706,0.0591,-0.5571,40.61,-226.75,-103.28,
1704802252.4435868,,,,,,,,,,,,,,,0.05498
1704802252.4595459,0.10590000000000001,0.5706,-0.5633,0.5880000000000001,26.7,-9.8,-127.21000000000001,,,,,,,,
1704802252.4595459,,,,,,,,0.79,0.1552,0.048,-0.5911000000000001,74.4,-219.44,-94.85000000000001,
1704802252.5383377,,,,,,,,,,,,,,,0.0301
1704802252.542881,0.10590000000000001,0.5706,-0.5633,0.5880000000000001,26.7,-9.81,-127.22,,,,,,,,
1704802252.542881,,,,,,,,0.7731,0.094,0.0334,-0.6262,97.44,-202.92000000000002,-91.21000000000001,
1704802252.6237056,,,,,,,,,,,,,,,0.04397
1704802252.6422071,0.10590000000000001,0.5706,-0.5633,0.5880000000000001,26.7,-9.81,-127.21000000000001,,,,,,,,
1704802252.6422071,,,,,,,,0.7485,0.0936,0.0221,-0.656,118.69,-183.0,-85.83,
1704802252.7184145,,,,,,,,,,,,,,,0.004101
1704802252.726402,0.10590000000000001,0.5706,-0.5633,0.5880000000000001,26.7,-9.81,-127.21000000000001,,,,,,,,
1704802252.726402,,,,,,,,0.7306,0.0726,0.0064,-0.6788000000000001,137.20000000000002,-155.14000000000001,-81.86,
1704802252.8087223,,,,,,,,,,,,,,,0.039102
1704802252.8266807,0.10590000000000001,0.5706,-0.5633,0.5880000000000001,26.7,-9.82,-127.21000000000001,,,,,,,,
1704802252.8266807,,,,,,,,nan,nan,nan,nan,nan,nan,nan,
1704802252.898303,,,,,,,,,,,,,,,0.08297
1704802252.9082768,0.10590000000000001,0.5706,-0.5633,0.5880000000000001,26.7,-9.82,-127.2,,,,,,,,
1704802252.9082768,,,,,,,,0.6909000000000001,0.0189,-0.0029000000000000002,-0.7226,163.15,-103.05,-76.97,
1704802252.9882178,,,,,,,,,,,,,,,0.036101
1704802252.9922066,0.10590000000000001,0.5706,-0.5633,0.5880000000000001,26.7,-9.81,-127.21000000000001,,,,,,,,
1704802252.9922066,,,,,,,,0.6954,0.027700000000000002,-0.014100000000000001,-0.7179,164.28,-85.11,-74.2,
1704802253.078583,,,,,,,,,,,,,,,0.064101
1704802253.0925477,0.10590000000000001,0.5706,-0.5633,0.5880000000000001,26.7,-9.81,-127.21000000000001,,,,,,,,
1704802253.0925477,,,,,,,,0.7081000000000001,0.006200000000000001,-0.031400000000000004,-0.7053,169.53,-59.74,-77.0,
1704802253.1727862,,,,,,,,,,,,,,,0.086103
1704802253.1926916,0.10590000000000001,0.5706,-0.5633,0.5880000000000001,26.7,-9.8,-127.21000000000001,,,,,,,,
1704802253.1926916,,,,,,,,0.6662,0.036500000000000005,-0.08420000000000001,-0.74,166.6,-32.36,-71.93,
1704802253.2627363,,,,,,,,,,,,,,,0.137101
1704802253.2767012,0.10590000000000001,0.5707,-0.5632,0.5879,26.7,-9.790000000000001,-127.22,,,,,,,,
1704802253.2767012,,,,,,,,0.6801,0.0181,-0.044500000000000005,-0.7314,161.07,2.17,-78.71000000000001,
1704802253.353008,,,,,,,,,,,,,,,0.14597
1704802253.358991,0.10590000000000001,0.5707,-0.5632,0.5879,26.7,-9.790000000000001,-127.22,,,,,,,,
1704802253.358991,,,,,,,,0.6918000000000001,0.0108,-0.049,-0.7203,155.99,32.93,-87.67,
1704802253.4429436,,,,,,,,,,,,,,,0.08699
1704802253.4589016,0.10590000000000001,0.5707,-0.5632,0.5879,26.7,-9.790000000000001,-127.22,,,,,,,,
1704802253.4589016,,,,,,,,nan,nan,nan,nan,nan,nan,nan,
1704802253.5327704,,,,,,,,,,,,,,,0.07199
1704802253.5417726,0.10590000000000001,0.5706,-0.5633,0.5880000000000001,26.7,-9.81,-127.21000000000001,,,,,,,,
1704802253.5417726,,,,,,,,0.6797000000000001,-0.019,-0.0123,-0.733,143.17000000000002,98.51,-108.35000000000001,
1704802253.6235976,,,,,,,,,,,,,,,0.06098
1704802253.6432807,0.10590000000000001,0.5706,-0.5633,0.5880000000000001,26.7,-9.8,-127.21000000000001,,,,,,,,
1704802253.6432807,,,,,,,,0.6967,0.0007,-0.022500000000000003,-0.7169,120.64,130.51,-113.97,
1704802253.713653,,,,,,,,,,,,,,,0.03496
1704802253.7256258,0.1058,0.5706,-0.5633,0.5880000000000001,26.7,-9.8,-127.21000000000001,,,,,,,,
1704802253.7256258,,,,,,,,0.7176,0.006,-0.031400000000000004,-0.6956,89.82000000000001,154.99,-117.05,
1704802253.803974,,,,,,,,,,,,,,,-0.01999
1704802253.8079653,0.1058,0.5706,-0.5633,0.5880000000000001,26.7,-9.8,-127.21000000000001,,,,,,,,
1704802253.8079653,,,,,,,,0.7515000000000001,0.0188,-0.044000000000000004,-0.6579,60.5,167.13,-118.65,
1704802253.8974674,,,,,,,,,,,,,,,-0.01299
1704802253.9094417,0.1058,0.5706,-0.5633,0.5880000000000001,26.7,-9.81,-127.2,,,,,,,,
1704802253.9094417,,,,,,,,0.7738,0.007,-0.039,-0.6321,30.78,175.75,-122.89,
1704802253.9873257,,,,,,,,,,,,,,,-0.00799
1704802253.991272,0.10590000000000001,0.5706,-0.5633,0.5880000000000001,26.71,-9.81,-127.2,,,,,,,,
1704802253.991272,,,,,,,,0.8034,0.0204,-0.061900000000000004,-0.5918,2.72,172.15,-129.1,
1704802254.0776396,,,,,,,,,,,,,,,-0.00398
1704802254.092573,0.10590000000000001,0.5706,-0.5632,0.5880000000000001,26.71,-9.81,-127.21000000000001,,,,,,,,
1704802254.092573,,,,,,,,0.7953,0.042,-0.06380000000000001,-0.6012000000000001,-27.87,159.15,-139.13,
1704802254.1679645,,,,,,,,,,,,,,,-0.01699
1704802254.1759105,0.10590000000000001,0.5706,-0.5633,0.5880000000000001,26.71,-9.81,-127.22,,,,,,,,
1704802254.1759105,,,,,,,,0.8147000000000001,0.045700000000000005,-0.07,-0.5736,-55.19,137.70000000000002,-148.79,
1704802254.2582145,,,,,,,,,,,,,,,-0.01099
1704802254.2751684,0.10590000000000001,0.5706,-0.5633,0.5880000000000001,26.71,-9.81,-127.21000000000001,,,,,,,,
1704802254.2751684,,,,,,,,0.8747,0.0329,-0.0695,-0.47850000000000004,-78.71000000000001,106.67,-155.42000000000002,
1704802254.3484864,,,,,,,,,,,,,,,-0.0067
1704802254.358461,0.1058,0.5706,-0.5633,0.5880000000000001,26.71,-9.81,-127.21000000000001,,,,,,,,
1704802254.358461,,,,,,,,0.8771,0.02,-0.053200000000000004,-0.4768,-89.3,83.02,-159.20000000000002,
1704802254.4382486,,,,,,,,,,,,,,,-0.47396
1704802254.4422376,0.1058,0.5706,-0.5633,0.5880000000000001,26.71,-9.8,-127.21000000000001,,,,,,,,
1704802254.4422376,,,,,,,,0.8891,0.0297,-0.0575,-0.453,-101.32000000000001,58.28,-162.72,
1704802254.5322516,,,,,,,,,,,,,,,-0.42597
1704802254.5411868,0.1058,0.5706,-0.5633,0.5880000000000001,26.71,-9.8,-127.21000000000001,,,,,,,,
1704802254.5411868,,,,,,,,0.8989,0.0275,-0.0644,-0.4324,-112.78,25.34,-166.31,
1704802254.6225247,,,,,,,,,,,,,,,-0.3701
1704802254.6415074,0.1058,0.5706,-0.5633,0.5880000000000001,26.71,-9.81,-127.21000000000001,,,,,,,,
1704802254.6415074,,,,,,,,0.9055000000000001,0.0252,-0.0621,-0.4188,-118.73,-8.23,-165.61,
1704802254.7124517,,,,,,,,,,,,,,,-0.2771
1704802254.7254174,0.1058,0.5705,-0.5634,0.5880000000000001,26.71,-9.81,-127.2,,,,,,,,
1704802254.7254174,,,,,,,,0.9094000000000001,0.048100000000000004,-0.0714,-0.40690000000000004,-123.81,-42.1,-161.66,
1704802254.80277,,,,,,,,,,,,,,,-0.20297
1704802254.8077264,0.1058,0.5706,-0.5634,0.5880000000000001,26.7,-9.8,-127.2,,,,,,,,
1704802254.8077264,,,,,,,,0.9088,0.0385,-0.058300000000000005,-0.4112,-119.75,-63.480000000000004,-157.92000000000002,
1704802254.893023,,,,,,,,,,,,,,,-0.192101
1704802254.9089825,0.1058,0.5706,-0.5633,0.5879,26.7,-9.8,-127.21000000000001,,,,,,,,
1704802254.9089825,,,,,,,,0.907,0.0439,-0.0666,-0.41340000000000005,-115.52,-93.64,-156.18,
1704802254.9867759,,,,,,,,,,,,,,,-0.1181
1704802254.9907649,0.1058,0.5706,-0.5633,0.5880000000000001,26.71,-9.8,-127.21000000000001,,,,,,,,
1704802254.9907649,,,,,,,,0.9021,0.057,-0.0655,-0.42250000000000004,-108.13,-116.56,-154.53,
1704802255.0771856,,,,,,,,,,,,,,,-0.07699
1704802255.0921457,0.10590000000000001,0.5706,-0.5633,0.5880000000000001,26.71,-9.81,-127.21000000000001,,,,,,,,
1704802255.0921457,,,,,,,,0.8923000000000001,0.07730000000000001,-0.0753,-0.43820000000000003,-91.54,-142.74,-148.68,
1704802255.1675098,,,,,,,,,,,,,,,-0.05898
1704802255.174447,0.1058,0.5706,-0.5633,0.5880000000000001,26.7,-9.81,-127.22,,,,,,,,
1704802255.174447,,,,,,,,0.8801,0.0708,-0.07980000000000001,-0.4626,-64.89,-159.1,-136.27,
1704802255.2578564,,,,,,,,,,,,,,,-0.060103
1704802255.275238,0.1058,0.5706,-0.5633,0.5880000000000001,26.71,-9.8,-127.21000000000001,,,,,,,,
1704802255.275238,,,,,,,,0.8721,0.081,-0.077,-0.4762,-33.85,-168.4,-122.89,
1704802255.347725,,,,,,,,,,,,,,,0.020101
1704802255.3586597,0.1058,0.5706,-0.5634,0.5880000000000001,26.7,-9.8,-127.22,,,,,,,,
1704802255.3586597,,,,,,,,0.8546,0.08710000000000001,-0.07050000000000001,-0.5068,-10.84,-171.02,-115.0,
1704802255.4375181,,,,,,,,,,,,,,,0.05199
1704802255.441466,0.1058,0.5706,-0.5633,0.5880000000000001,26.7,-9.8,-127.22,,,,,,,,
1704802255.441466,,,,,,,,0.8370000000000001,0.09290000000000001,-0.0534,-0.5365,15.91,-169.52,-106.91,
1704802255.527783,,,,,,,,,,,,,,,0.04397
1704802255.5407503,0.1058,0.5706,-0.5633,0.5880000000000001,26.7,-9.8,-127.22,,,,,,,,
1704802255.5407503,,,,,,,,0.8008000000000001,0.0799,-0.040600000000000004,-0.5920000000000001,49.72,-161.79,-94.61,
1704802255.617742,,,,,,,,,,,,,,,0.00598
1704802255.6414917,0.10590000000000001,0.5706,-0.5633,0.5880000000000001,26.7,-9.8,-127.21000000000001,,,,,,,,
1704802255.6414917,,,,,,,,0.7845000000000001,0.0685,-0.046,-0.6145,75.82000000000001,-148.17000000000002,-86.72,
1704802255.7122526,,,,,,,,,,,,,,,-0.010102
1704802255.7241797,0.1058,0.5706,-0.5633,0.5880000000000001,26.7,-9.8,-127.2,,,,,,,,
1704802255.7241797,,,,,,,,0.7631,0.0361,-0.054,-0.6429,103.16,-132.51,-84.31,
1704802255.8025424,,,,,,,,,,,,,,,0.0441
1704802255.8074968,0.1058,0.5706,-0.5633,0.5880000000000001,26.7,-9.8,-127.21000000000001,,,,,,,,
1704802255.8074968,,,,,,,,0.7436,0.0179,-0.052500000000000005,-0.6662,118.04,-120.68,-84.96000000000001,
1704802255.8919291,,,,,,,,,,,,,,,0.054103
1704802255.907893,0.1058,0.5706,-0.5633,0.5879,26.7,-9.81,-127.21000000000001,,,,,,,,
1704802255.907893,,,,,,,,nan,nan,nan,nan,nan,nan,nan,
1704802255.9821982,,,,,,,,,,,,,,,0.11198
1704802255.9911752,0.1058,0.5706,-0.5633,0.5879,26.7,-9.81,-127.21000000000001,,,,,,,,
1704802255.9911752,,,,,,,,0.7311000000000001,0.0126,-0.0654,-0.6789000000000001,129.81,-101.37,-85.4,
1704802256.072564,,,,,,,,,,,,,,,0.075102
1704802256.0905154,0.1058,0.5706,-0.5634,0.5879,26.7,-9.8,-127.21000000000001,,,,,,,,
1704802256.0905154,,,,,,,,0.7249,-0.00030000000000000003,-0.0665,-0.6855,136.54,-93.07000000000001,-86.19,
1704802256.1629877,,,,,,,,,,,,,,,0.11198
1704802256.173927,0.1058,0.5706,-0.5633,0.5879,26.7,-9.8,-127.21000000000001,,,,,,,,
1704802256.173927,,,,,,,,0.7248,-0.014100000000000001,-0.0864,-0.6832,140.19,-83.85000000000001,-90.83,
1704802256.2572613,,,,,,,,,,,,,,,0.07599
1704802256.2742167,0.1058,0.5706,-0.5633,0.5879,26.7,-9.8,-127.21000000000001,,,,,,,,
1704802256.2742167,,,,,,,,0.7218,-0.0297,-0.11170000000000001,-0.6823,143.56,-76.55,-97.57000000000001,
1704802256.3466246,,,,,,,,,,,,,,,0.06398
1704802256.3586154,0.1058,0.5706,-0.5633,0.5879,26.7,-9.8,-127.22,,,,,,,,
1704802256.3586154,,,,,,,,nan,nan,nan,nan,nan,nan,nan,
1704802256.4374573,,,,,,,,,,,,,,,0.03798
1704802256.4414055,0.1058,0.5706,-0.5633,0.5880000000000001,26.7,-9.8,-127.22,,,,,,,,
1704802256.4414055,,,,,,,,0.7175,-0.0555,-0.1443,-0.6791,149.47,-70.75,-109.10000000000001,
1704802256.526764,,,,,,,,,,,,,,,0.01696
1704802256.5406966,0.1058,0.5706,-0.5633,0.5880000000000001,26.7,-9.8,-127.22,,,,,,,,
1704802256.5406966,,,,,,,,0.7255,-0.057100000000000005,-0.1396,-0.6714,154.97,-70.02,-113.91,
1704802256.6170344,,,,,,,,,,,,,,,-0.03397
1704802256.624016,0.1058,0.5706,-0.5633,0.5879,26.7,-9.8,-127.22,,,,,,,,
1704802256.624016,,,,,,,,0.7344,-0.056100000000000004,-0.1356,-0.6626000000000001,158.8,-68.5,-113.01,
1704802256.707327,,,,,,,,,,,,,,,-0.05797
1704802256.7242613,0.1058,0.5706,-0.5633,0.5879,26.7,-9.8,-127.22,,,,,,,,
1704802256.7242613,,,,,,,,0.7508,-0.0483,-0.12240000000000001,-0.6472,161.31,-70.27,-110.58,
1704802256.8015692,,,,,,,,,,,,,,,-0.075101
1704802256.8065574,0.1058,0.5706,-0.5633,0.5879,26.71,-9.8,-127.22,,,,,,,,
1704802256.8065574,,,,,,,,0.7897000000000001,-0.033100000000000004,-0.1115,-0.6022000000000001,157.48,-73.01,-105.65,
1704802256.8919423,,,,,,,,,,,,,,,-0.02597
1704802256.9078586,0.1058,0.5706,-0.5633,0.5879,26.71,-9.8,-127.22,,,,,,,,
1704802256.9078586,,,,,,,,0.7725000000000001,0.011000000000000001,-0.101,-0.6268,157.36,-78.34,-100.38,
1704802256.9819648,,,,,,,,,,,,,,,-0.05098
1704802256.9899359,0.10590000000000001,0.5707,-0.5633,0.5879,26.7,-9.8,-127.22,,,,,,,,
1704802256.9899359,,,,,,,,0.7459,0.1075,-0.1527,-0.6392,145.55,-81.9,-97.61,
1704802257.0723226,,,,,,,,,,,,,,,-0.053101
1704802257.0902758,0.1058,0.5706,-0.5633,0.5879,26.7,-9.8,-127.21000000000001,,,,,,,,
1704802257.0902758,,,,,,,,0.7783,0.0848,0.08360000000000001,-0.6164000000000001,161.56,-92.58,-85.96000000000001,
1704802257.1616335,,,,,,,,,,,,,,,-0.00895
1704802257.1736016,0.1058,0.5706,-0.5633,0.5879,26.7,-9.8,-127.22,,,,,,,,
1704802257.1736016,,,,,,,,nan,nan,nan,nan,nan,nan,nan,
1704802257.251905,,,,,,,,,,,,,,,-0.068101
1704802257.2568924,0.1058,0.5706,-0.5633,0.5879,26.7,-9.81,-127.22,,,,,,,,
1704802257.2568924,,,,,,,,0.8249000000000001,0.0176,0.0678,-0.5607,169.9,-77.03,-93.58,
1704802257.3426733,,,,,,,,,,,,,,,-0.02099
1704802257.3572242,0.1058,0.5706,-0.5634,0.5879,26.7,-9.8,-127.22,,,,,,,,
1704802257.3572242,,,,,,,,nan,nan,nan,nan,nan,nan,nan,
1704802257.4360013,,,,,,,,,,,,,,,-0.0131
1704802257.4419885,0.1058,0.5706,-0.5633,0.5879,26.7,-9.8,-127.22,,,,,,,,
1704802257.4419885,,,,,,,,0.8210000000000001,-0.0485,-0.0221,-0.5683,177.33,-61.86,-108.87,
1704802257.5262735,,,,,,,,,,,,,,,0.00899
1704802257.5402422,0.1058,0.5706,-0.5633,0.5879,26.7,-9.8,-127.22,,,,,,,,
1704802257.5402422,,,,,,,,0.8046000000000001,-0.058100000000000006,-0.06770000000000001,-0.5870000000000001,181.98,-56.67,-117.62,
1704802257.616611,,,,,,,,,,,,,,,0.00999
1704802257.6235926,0.1058,0.5706,-0.5633,0.5879,26.71,-9.8,-127.22,,,,,,,,
1704802257.6235926,,,,,,,,0.804,-0.0567,-0.0814,-0.5861000000000001,183.6,-54.33,-121.32000000000001,
1704802257.707062,,,,,,,,,,,,,,,0.01098
1704802257.724021,0.1058,0.5706,-0.5633,0.5879,26.71,-9.8,-127.22,,,,,,,,
1704802257.724021,,,,,,,,0.8052,-0.0579,-0.08750000000000001,-0.5836,184.91,-54.88,-121.9,
1704802257.7966287,,,,,,,,,,,,,,,-0.005101
1704802257.806784,0.1058,0.5706,-0.5633,0.5879,26.71,-9.8,-127.22,,,,,,,,
1704802257.806784,,,,,,,,0.8108000000000001,-0.058,-0.0879,-0.5757,185.46,-57.39,-120.28,
1704802257.886923,,,,,,,,,,,,,,,0.03199
1704802257.9068375,0.1058,0.5706,-0.5633,0.5879,26.71,-9.8,-127.22,,,,,,,,
1704802257.9068375,,,,,,,,0.8177000000000001,-0.0656,-0.08420000000000001,-0.5656,186.25,-59.61,-117.25,
1704802257.9770103,,,,,,,,,,,,,,,0.02798
1704802257.9899442,0.1058,0.5706,-0.5633,0.5879,26.7,-9.790000000000001,-127.22,,,,,,,,
1704802257.9899442,,,,,,,,0.8191,-0.0671,-0.07780000000000001,-0.5642,186.32,-61.38,-114.35000000000001,
1704802258.0712323,,,,,,,,,,,,,,,0.00898
1704802258.0911834,0.1058,0.5706,-0.5633,0.5879,26.7,-9.8,-127.22,,,,,,,,
1704802258.0911834,,,,,,,,0.8195,-0.0646,-0.0688,-0.5652,187.87,-62.42,-110.09,
1704802258.1615975,,,,,,,,,,,,,,,-0.00797
1704802258.1745706,0.1058,0.5706,-0.5634,0.5879,26.7,-9.8,-127.22,,,,,,,,
1704802258.1745706,,,,,,,,0.8180000000000001,-0.06810000000000001,-0.0634,-0.5676,190.39000000000001,-61.2,-106.79,
1704802258.251865,,,,,,,,,,,,,,,-0.035101
1704802258.2578566,0.1058,0.5706,-0.5634,0.5879,26.7,-9.8,-127.22,,,,,,,,
1704802258.2578566,,,,,,,,0.8139000000000001,-0.0753,-0.06330000000000001,-0.5724,191.54,-56.42,-105.92,
1704802258.3418808,,,,,,,,,,,,,,,0.00798
1704802258.3580403,0.1058,0.5706,-0.5634,0.5879,26.7,-9.8,-127.22,,,,,,,,
1704802258.3580403,,,,,,,,0.8142,-0.077,-0.0608,-0.5721,191.37,-47.61,-105.35000000000001,
1704802258.431873,,,,,,,,,,,,,,,-0.00899
1704802258.4408572,0.1058,0.5706,-0.5633,0.5879,26.7,-9.8,-127.22,,,,,,,,
1704802258.4408572,,,,,,,,0.8136,-0.0816,-0.06280000000000001,-0.5721,190.53,-38.04,-104.46000000000001,
1704802258.5220337,,,,,,,,,,,,,,,-0.00497
1704802258.541017,0.1058,0.5707,-0.5633,0.5879,26.7,-9.8,-127.23,,,,,,,,
1704802258.541017,,,,,,,,0.8084,-0.0835,-0.05,-0.5804,190.09,-22.41,-101.25,
1704802258.6163616,,,,,,,,,,,,,,,-0.0331
1704802258.624308,0.1058,0.5707,-0.5633,0.5879,26.7,-9.790000000000001,-127.22,,,,,,,,
1704802258.624308,,,,,,,,0.8147000000000001,-0.1131,-0.021400000000000002,-0.5682,197.02,0.56,-105.98,
1704802258.7065876,,,,,,,,,,,,,,,-0.007101
1704802258.7245393,0.1058,0.5707,-0.5633,0.5879,26.7,-9.790000000000001,-127.23,,,,,,,,
1704802258.7245393,,,,,,,,0.8081,-0.1389,-0.015600000000000001,-0.5721,206.38,24.17,-109.0,
1704802258.7959733,,,,,,,,,,,,,,,0.0291
1704802258.8069239,0.1058,0.5707,-0.5633,0.5879,26.7,-9.790000000000001,-127.22,,,,,,,,
1704802258.8069239,,,,,,,,0.7981,-0.14700000000000002,-0.011300000000000001,-0.5840000000000001,211.25,36.4,-110.7,
1704802258.886239,,,,,,,,,,,,,,,0.04298
1704802258.8892314,0.1058,0.5706,-0.5633,0.5879,26.7,-9.8,-127.23,,,,,,,,
1704802258.8892314,,,,,,,,0.7907000000000001,-0.1471,-0.006,-0.5941000000000001,212.75,45.06,-110.87,
1704802258.9765077,,,,,,,,,,,,,,,0.020103
1704802258.9894712,0.10590000000000001,0.5706,-0.5633,0.5879,26.7,-9.8,-127.22,,,,,,,,
1704802258.9894712,,,,,,,,0.78,-0.1469,0.0011,-0.6081,210.85,54.160000000000004,-108.47,
1704802259.066643,,,,,,,,,,,,,,,0.0841
